{"stat.leaveGame":38,"stat.pickup.toughasnails.purified_water_bottle":80,"stat.useItem.exnihilocreatio.block_waterwheel":6,"stat.pickup.deepmoblearning.polymer_clay":32,"stat.killEntity.PigZombie":9,"stat.mineBlock.harvestcraft.beehive":4,"stat.entityKilledBy.PigZombie":1,"stat.pickup.minecraft.rotten_flesh":105,"stat.pickup.enderio.item_conduit_probe":1,"stat.useItem.minecraft.diamond_hoe":26,"stat.pickup.quark.basalt":44,"stat.craftItem.bigreactors.reactorcasingcores":10,"stat.pickup.thermalfoundation.tool.excavator_platinum":5,"stat.useItem.rftools.shape_card":19,"stat.pickup.thermalfoundation.tool.pickaxe_platinum":4,"stat.useItem.exnihilocreatio.block_sieve":8,"stat.pickup.minecraft.leather_boots":4,"stat.craftItem.rftools.matter_receiver":1,"stat.craftItem.lootbags.loot_storage":1,"stat.pickup.harvestcraft.radishitem":1,"stat.pickup.biomesoplenty.mushroom":5,"stat.pickup.minecraft.brown_mushroom":6,"stat.craftItem.bigreactors.reactorfuelrod":1,"stat.killEntity.Witch":1,"stat.pickup.extrautils2.trashchest":2,"stat.pickup.quark.tallow":12,"stat.craftItem.harvestcraft.grainbaititem":12,"stat.pickup.rftoolsdim.dimension_enscriber":1,"stat.pickup.minecraft.stained_hardened_clay":3,"stat.craftItem.minecraft.iron_door":3,"stat.pickup.rftools.matter_receiver":1,"stat.pickup.thermalexpansion.satchel":6,"stat.pickup.minecraft.double_plant":2,"stat.mineBlock.deepmoblearning.simulation_chamber":1,"stat.craftItem.minecraft.glass_pane":16,"stat.pickup.enderio.item_basic_capacitor":2,"stat.mineBlock.chisel.marble2":3,"stat.mineBlock.minecraft.hopper":4,"stat.pickup.thermalfoundation.material":5,"stat.furnaceInteraction":199,"stat.pickup.biomesoplenty.hard_ice":5,"stat.useItem.minecraft.pumpkin_seeds":16,"stat.killEntity.ZombieVillager":1,"stat.pickup.extrautils2.enderlilly":2,"stat.pickup.minecraft.beef":3,"stat.pickup.thermalfoundation.armor.helmet_platinum":4,"stat.pickup.minecraft.leather_helmet":1,"stat.pickup.biomesoplenty.flower_1":71,"stat.useItem.minecraft.trapdoor":1,"stat.mineBlock.minecraft.stained_hardened_clay":3,"stat.useItem.minecraft.fence":36,"stat.pickup.rftools.machine_frame":1,"stat.useItem.harvestcraft.applejuiceitem":1,"stat.craftItem.toughasnails.purified_water_bottle":55,"stat.pickup.minecraft.potion":28,"stat.mineBlock.minecraft.fence":4,"stat.useItem.minecraft.flint_and_steel":2,"stat.useItem.minecraft.wheat_seeds":167,"stat.mineBlock.minecraft.dark_oak_fence_gate":2,"stat.useItem.biomesoplenty.flower_1":23,"stat.mineBlock.avaritiarecipemaker.vanillarecipemakerblock":1,"stat.pickup.minecraft.emerald":9,"stat.pickup.minecraft.lever":2,"stat.deaths":5,"stat.pickup.minecraft.egg":47,"stat.mineBlock.extrautils2.trashchest":2,"stat.craftItem.minecraft.item_frame":12,"stat.drop.minecraft.torch":1,"stat.craftItem.minecraft.repeater":1,"stat.pickup.chisel.marble2":2,"stat.mineBlock.minecraft.tallgrass":33,"stat.craftItem.minecraft.cooked_mutton":32,"stat.pickup.minecraft.cooked_mutton":41,"stat.chestOpened":2378,"stat.useItem.minecraft.splash_potion":10,"stat.useItem.minecraft.stone":42,"stat.pickup.minecraft.arrow":93,"stat.pickup.minecraft.iron_sword":1,"stat.killEntity.Ghast":3,"stat.pickup.minecraft.gold_nugget":10,"stat.pickup.extrautils2.chunkloader":1,"stat.craftItem.minecraft.coal":325,"stat.pickup.deepmoblearning.simulation_chamber":1,"stat.pickup.enderio.item_alloy_ingot":1,"stat.craftItem.rftools.dialing_device":1,"stat.pickup.minecraft.carrot":1,"stat.crouchOneCm":40518,"stat.mineBlock.projecte.dm_pedestal":2,"stat.mineBlock.minecraft.chest":1,"stat.pickup.minecraft.rail":7,"stat.craftItem.minecraft.hopper":1,"stat.craftingTableInteraction":133,"stat.pickup.minecraft.jungle_door":1,"stat.pickup.extrautils2.spike_stone":9,"stat.craftItem.thermalexpansion.satchel":1,"stat.useItem.minecraft.reeds":35,"stat.pickup.toughasnails.temperature_coil":1,"stat.mineBlock.biomesoplenty.plant_0":21,"stat.pickup.minecraft.dye":51,"stat.pickup.exnihilocreatio.item_ore_gold":1,"stat.pickup.minecraft.planks":10,"stat.pickup.biomesoplenty.plant_1":13,"stat.pickup.chisel.limestone2":25,"stat.pickup.minecraft.wheat_seeds":280,"stat.pickup.enderio.item_material":1,"stat.pickup.rftools.charged_porter":2,"stat.mineBlock.minecraft.dirt":98,"stat.craftItem.enderio.item_alloy_nugget":9,"stat.craftItem.enderio.block_simple_sag_mill":1,"stat.pickup.toughasnails.ice_cube":1,"stat.pickup.exnihilocreatio.item_mesh":2,"stat.craftItem.bigreactors.ingotgraphite":112,"stat.useItem.minecraft.bread":46,"stat.craftItem.thermalfoundation.storage":1,"stat.craftItem.extrautils2.spike_stone":4,"stat.mineBlock.biomesoplenty.leaves_1":10,"stat.useItem.thermalfoundation.tool.hammer_platinum":224,"stat.drop.minecraft.rotten_flesh":7,"stat.useItem.minecraft.cobblestone":290,"stat.mineBlock.rftoolsdim.dimlet_workbench":3,"stat.useItem.minecraft.yellow_flower":6,"stat.pickup.minecraft.hopper":6,"stat.pickup.minecraft.chicken":3,"stat.mineBlock.biomesoplenty.sapling_0":3,"stat.pickup.nethermetals.nether_manganese_ore":2,"stat.pickup.minecraft.banner":3,"stat.useItem.exnihilocreatio.block_axle_stone":5,"stat.craftItem.minecraft.planks":180,"stat.pickup.biomesoplenty.berries":19,"stat.mineBlock.projecte.alchemical_chest":1,"stat.pickup.minecraft.book":18,"stat.mineBlock.minecraft.log":6,"stat.mineBlock.minecraft.heavy_weighted_pressure_plate":2,"stat.useItem.biomesoplenty.dirt":96,"stat.pickup.minecraft.iron_door":3,"stat.craftItem.minecraft.paper":84,"stat.pickup.biomesoplenty.dirt":1342,"stat.pickup.minecraft.red_flower":12,"stat.craftItem.thermalexpansion.frame":1,"stat.pickup.minecraft.wool":30,"stat.useItem.minecraft.wooden_axe":15,"stat.pickup.extrautils2.pipe":1,"stat.craftItem.minecraft.cobblestone":72,"stat.craftItem.enderio.item_alloy_ball":24,"stat.mineBlock.minecraft.cobblestone":24,"stat.mineBlock.minecraft.pumpkin":29,"stat.mineBlock.minecraft.yellow_flower":1,"stat.pickup.minecraft.flower_pot":2,"stat.pickup.minecraft.enchanted_book":3,"stat.pickup.openblocks.fan":6,"stat.drop.minecraft.cobblestone":1,"stat.useItem.openblocks.elevator":1,"stat.mineBlock.extrautils2.chunkloader":1,"stat.useItem.minecraft.obsidian":14,"stat.mineBlock.ironchest.iron_chest":2,"stat.useItem.minecraft.stone_slab2":335,"stat.pickup.minecraft.bow":11,"stat.craftItem.thermalfoundation.tool.hammer_platinum":1,"stat.useItem.minecraft.egg":2,"stat.craftItem.minecraft.cooked_beef":24,"stat.pickup.quark.black_ash":4,"stat.flyOneCm":2746515,"stat.timeSinceDeath":386632,"stat.pickup.basemetals.coldiron_ore":7,"stat.useItem.minecraft.iron_door":2,"stat.killEntity.Bat":1,"stat.useItem.minecraft.potato":6,"stat.craftItem.bigreactors.reactorpowertaprf":1,"stat.pickup.thermaldynamics.duct_0":6,"stat.killEntity.Creeper":4,"stat.pickup.exnihilocreatio.item_seed_oak":7,"stat.talkedToVillager":6,"stat.craftItem.refinedstorage.quartz_enriched_iron":44,"stat.pickup.minecraft.string":32,"stat.craftItem.rftools.matter_transmitter":1,"stat.pickup.enderio.block_cap_bank":1,"stat.sprintOneCm":921444,"stat.useItem.minecraft.diamond_shovel":3,"stat.mineBlock.biomesoplenty.flower_1":6,"stat.mineBlock.biomesoplenty.flower_0":1,"stat.mineBlock.biomesoplenty.grass":198,"stat.mineBlock.extrautils2.machine":3,"stat.pickup.nethermetals.nether_lapis_ore":5,"stat.useItem.harvestcraft.apiary":3,"stat.useItem.minecraft.wooden_sword":1,"stat.useItem.minecraft.ladder":34,"stat.craftItem.enderio.block_sag_mill":1,"stat.craftItem.deepmoblearning.machine_casing":1,"stat.pickup.minecraft.iron_block":6,"stat.killEntity.Zombie":114,"stat.craftItem.deepmoblearning.data_model_blank":1,"stat.drop.exnihilocreatio.item_ore_gold":1,"stat.pickup.rftools.dimensional_shard":2,"stat.pickup.nethermetals.nether_emerald_ore":1,"stat.diveOneCm":208405,"stat.pickup.minecraft.wheat":259,"stat.pickup.extrautils2.machine":3,"stat.craftItem.minecraft.ladder":6,"stat.pickup.toughasnails.jelled_slime_chestplate":2,"stat.pickup.exnihilocreatio.block_crucible":1,"stat.drop.lootbags.itemlootbag":6,"stat.pickup.nethermetals.nether_iron_ore":4,"stat.useItem.minecraft.heavy_weighted_pressure_plate":4,"stat.craftItem.thermalexpansion.machine":1,"stat.pickup.deepmoblearning.data_model_blaze":1,"stat.jump":4624,"stat.pickup.minecraft.coal":23,"stat.pickup.minecraft.iron_ingot":7,"stat.craftItem.minecraft.lever":7,"stat.pickup.minecraft.gunpowder":4,"stat.pickup.minecraft.dirt":282,"stat.pickup.nethermetals.nether_copper_ore":3,"stat.pickup.minecraft.stone_shovel":1,"stat.killEntity.quark:wraith":1,"stat.pickup.minecraft.iron_axe":2,"stat.pickup.sereneseasons.greenhouse_glass":12,"stat.mineBlock.modernmetals.zirconium_ore":1,"stat.pickup.biomesoplenty.grass":64,"stat.brewingstandInteraction":1,"stat.damageTaken":6277,"stat.mineBlock.minecraft.torch":48,"stat.mineBlock.minecraft.red_flower":5,"stat.pickup.minecraft.magma_cream":1,"stat.craftItem.minecraft.comparator":2,"stat.pickup.minecraft.bed":2,"stat.pickup.minecraft.potato":15,"stat.entityKilledBy.Zombie":1,"stat.mineBlock.exnihilocreatio.block_axle_stone":2,"stat.useItem.harvestcraft.gigapickleseeditem":5,"stat.useItem.minecraft.chest":15,"stat.drop.minecraft.wheat":18,"stat.pickup.minecraft.diamond_pickaxe":1,"stat.craftItem.bigreactors.reactoraccessport":1,"stat.mineBlock.biomesoplenty.planks_0":2,"stat.mineBlock.ironchest.iron_shulker_box_magenta":1,"stat.drop.minecraft.netherrack":1,"stat.craftItem.rftools.powercell_simple":1,"stat.craftItem.basemetals.steel_ingot":1,"stat.useItem.minecraft.stained_hardened_clay":1,"stat.pickup.minecraft.ender_pearl":3,"stat.useItem.minecraft.redstone_ore":11,"stat.pickup.minecraft.ladder":9,"stat.useItem.minecraft.netherrack":16,"stat.useItem.projecte.dm_pedestal":1,"stat.mineBlock.minecraft.stonebrick":2,"stat.pickup.harvestcraft.queenbeeitem":4,"stat.mobKills":304,"stat.mineBlock.minecraft.bookshelf":3,"stat.pickup.minecraft.diamond":2,"stat.pickup.minecraft.beetroot_seeds":4,"stat.drop.biomesoplenty.dirt":1,"stat.pickup.minecraft.torch":311,"stat.drop.minecraft.arrow":1,"stat.mineBlock.nethermetals.nether_iron_ore":4,"stat.pickup.thermalfoundation.armor.boots_platinum":4,"stat.mineBlock.openblocks.fan":6,"stat.pickup.minecraft.dark_oak_fence_gate":2,"stat.craftItem.enderio.item_basic_capacitor":1,"stat.mineBlock.enderio.block_simple_sag_mill":2,"stat.killEntity.Blaze":5,"stat.useItem.chickenchunks.chunk_loader":1,"stat.useItem.minecraft.planks":48,"stat.drop.thermalfoundation.tool.axe_platinum":1,"stat.pickup.basemetals.copper_boots":1,"stat.pickup.minecraft.porkchop":12,"stat.pickup.toughasnails.jelled_slime_leggings":2,"stat.craftItem.bigreactors.reactorcontrolrod":1,"stat.useItem.minecraft.water_bucket":9,"stat.pickup.openblocks.elevator":1,"stat.entityKilledBy.Spider":1,"stat.pickup.harvestcraft.sweetpotatoitem":1,"stat.pickup.minecraft.name_tag":1,"stat.useItem.quark.stonebrick_wall":4,"stat.useItem.projecte.item.pe_rm_pick":10,"stat.craftItem.minecraft.stone_sword":3,"stat.pickup.ironchest.iron_shulker_box_magenta":1,"stat.mineBlock.nethermetals.nether_rutile_ore":1,"stat.hopperInspected":2,"stat.useItem.minecraft.spawn_egg":72,"stat.pickup.thermalexpansion.cell":1,"stat.mineBlock.biomesoplenty.dirt":74,"stat.craftItem.bigreactors.reactorcasing":40,"stat.craftItem.enderio.item_material":17,"stat.useItem.minecraft.oak_stairs":21,"stat.mineBlock.rftools.support_block":4,"stat.craftItem.thermalfoundation.material":58,"stat.pickup.thermalfoundation.armor.plate_platinum":4,"stat.useItem.extrautils2.pipe":7,"stat.pickup.deepmoblearning.data_model_zombie":1,"stat.useItem.minecraft.cooked_mutton":32,"stat.pickup.minecraft.furnace":1,"stat.useItem.thermaldynamics.duct_0":28,"stat.mineBlock.thermalexpansion.cell":1,"stat.pickup.minecraft.iron_chestplate":1,"stat.pickup.minecraft.skull":8,"stat.pickup.minecraft.stone_stairs":2,"stat.pickup.deepmoblearning.soot_covered_redstone":36,"stat.pickup.modernmetals.cadmium_ingot":2,"stat.mineBlock.nethermetals.nether_manganese_ore":1,"stat.pickup.minecraft.pumpkin_seeds":4,"stat.useItem.minecraft.hopper":7,"stat.craftItem.minecraft.heavy_weighted_pressure_plate":4,"stat.craftItem.enderio.block_simple_alloy_smelter":1,"stat.mineBlock.minecraft.oak_stairs":1,"stat.craftItem.harvestcraft.groundtrap":1,"stat.pickup.ironchest.iron_chest":2,"stat.playOneMinute":1669032,"stat.pickup.minecraft.blaze_rod":1,"stat.pickup.thermalfoundation.tool.axe_platinum":6,"stat.pickup.minecraft.iron_bars":2,"stat.pickup.minecraft.netherrack":1897,"stat.pickup.minecraft.pumpkin":27,"stat.pickup.harvestcraft.tomatoitem":2,"stat.mineBlock.minecraft.netherrack":1461,"stat.mineBlock.minecraft.ice":2,"stat.craftItem.harvestcraft.mixingbowlitem":1,"stat.craftItem.harvestcraft.waterfilter":1,"stat.mineBlock.basemetals.coldiron_ore":7,"stat.craftItem.biomesoplenty.planks_0":128,"stat.fallOneCm":55966,"stat.drop.minecraft.stone":1,"stat.useItem.bigreactors.reactorcasing":21,"stat.craftItem.minecraft.chest":15,"stat.mineBlock.minecraft.lever":1,"stat.useItem.minecraft.iron_hoe":105,"stat.pickup.minecraft.heavy_weighted_pressure_plate":6,"stat.pickup.minecraft.comparator":34,"stat.pickup.minecraft.feather":13,"stat.useItem.minecraft.furnace":3,"stat.pickup.basemetals.copper_ingot":17,"stat.pickup.nethermetals.nether_rutile_ore":2,"stat.mineBlock.minecraft.gravel":1,"stat.pickup.toughasnails.jelled_slime_helmet":2,"stat.craftItem.rftools.machine_frame":7,"stat.pickup.chisel.chisel_hitech":1,"stat.useItem.extrautils2.spike_stone":47,"stat.useItem.minecraft.torch":431,"stat.craftItem.rftoolsdim.dimension_enscriber":1,"stat.useItem.extrautils2.grocket":3,"stat.craftItem.minecraft.redstone_block":1,"stat.useItem.minecraft.log":185,"stat.pickup.minecraft.crafting_table":1,"stat.craftItem.minecraft.crafting_table":3,"stat.pickup.enderio.block_simple_alloy_smelter":1,"stat.pickup.thermalfoundation.tool.hammer_platinum":5,"stat.killEntity.LavaSlime":19,"stat.pickup.minecraft.redstone_block":24,"stat.pickup.minecraft.log":42,"stat.pickup.biomesoplenty.planks_0":2,"stat.craftItem.minecraft.redstone_ore":10,"stat.pickup.minecraft.sapling":60,"stat.mineBlock.enderio.block_cap_bank":1,"stat.useItem.openblocks.fan":11,"stat.pickup.minecraft.beetroot":3,"stat.mineBlock.quark.basalt":44,"stat.craftItem.bigreactors.reactorcontroller":1,"stat.pickup.refinedstorage.wireless_transmitter":1,"stat.mineBlock.nethermetals.nether_copper_ore":3,"stat.killEntity.WitherSkeleton":4,"stat.craftItem.thermaldynamics.duct_0":30,"stat.pickup.exnihilocreatio.block_axle_stone":2,"stat.pickup.harvestcraft.juteitem":1,"stat.craftItem.harvestcraft.apiary":4,"stat.useItem.minecraft.beetroot_seeds":1,"stat.sneakTime":20409,"stat.pickup.harvestcraft.tealeafitem":1,"stat.mineBlock.nethermetals.nether_lapis_ore":5,"stat.entityKilledBy.Blaze":1,"stat.pickup.minecraft.yellow_flower":4,"stat.useItem.thermalfoundation.tool.axe_platinum":55,"stat.pickup.minecraft.golden_rail":1,"stat.pickup.minecraft.chest":6,"stat.pickup.minecraft.bone":187,"stat.pickup.minecraft.redstone_torch":2,"stat.mineBlock.extrautils2.spike_stone":4,"stat.useItem.thermalfoundation.tool.sword_platinum":1157,"stat.useItem.minecraft.diamond_sword":26,"stat.pickup.basemetals.nickel_ingot":6,"stat.pickup.avaritiarecipemaker.vanillarecipemakerblock":1,"stat.pickup.toughasnails.jelled_slime_boots":2,"stat.useItem.harvestcraft.minerstewitem":1,"stat.swimOneCm":23571,"stat.climbOneCm":32006,"stat.pickup.lootbags.itemlootbag":79,"stat.mineBlock.toughasnails.temperature_coil":1,"stat.useItem.minecraft.dirt":161,"stat.useItem.minecraft.red_flower":4,"stat.pickup.minecraft.anvil":2,"stat.craftItem.minecraft.trapdoor":6,"stat.pickup.minecraft.cobblestone":269,"stat.useItem.rftools.charged_porter":12,"stat.mineBlock.chisel.limestone2":15,"stat.useItem.chisel.cobblestone":102,"stat.pickup.minecraft.glass_bottle":18,"stat.drop.minecraft.wheat_seeds":20,"stat.craftItem.toughasnails.charcoal_filter":66,"stat.useItem.minecraft.cooked_beef":1,"stat.pickup.thermalfoundation.tool.sword_platinum":5,"stat.pickup.harvestcraft.leekitem":2,"stat.pickup.minecraft.redstone":26,"stat.craftItem.minecraft.book":19,"stat.pickup.minecraft.mutton":35,"stat.pickup.rftools.matter_transmitter":1,"stat.useItem.cathedral.dwemer_light_normal":24,"stat.useItem.minecraft.lever":8,"stat.mineBlock.biomesoplenty.hard_ice":5,"stat.pickup.minecraft.stonebrick":11,"stat.drop.minecraft.dirt":1,"stat.pickup.minecraft.iron_shovel":3,"stat.pickup.minecraft.carpet":13,"stat.pickup.thermalfoundation.armor.legs_platinum":5,"stat.mineBlock.nethermetals.nether_zirconium_ore":8,"stat.craftItem.minecraft.stone_slab2":0,"stat.craftItem.rftoolsdim.dimension_builder":1,"stat.craftItem.extrautils2.compressednetherrack":1107,"stat.pickup.minecraft.paper":2,"stat.mineBlock.biomesoplenty.log_0":15,"stat.craftItem.minecraft.stick":112,"stat.pickup.exnihilocreatio.item_material":3,"stat.craftItem.minecraft.gold_nugget":9,"stat.useItem.minecraft.diamond_pickaxe":1,"stat.craftItem.deepmoblearning.simulation_chamber":1,"stat.craftItem.rftoolsdim.empty_dimension_tab":1,"stat.useItem.thermalfoundation.tool.pickaxe_platinum":123,"stat.mineBlock.enderio.block_simple_alloy_smelter":1,"stat.useItem.extrautils2.itembuilderswand":5,"stat.mineBlock.minecraft.planks":10,"stat.useItem.bottledmilk.milk_bottle_drinkable":5,"stat.drop":60,"stat.killEntity.Sheep":13,"stat.pickup.nethermetals.nether_coal_ore":9,"stat.useItem.harvestcraft.gourmetvenisonburgeritem":1,"stat.pickup.projecte.dm_pedestal":2,"stat.pickup.harvestcraft.garlicitem":1,"stat.craftItem.minecraft.piston":3,"stat.pickup.projecte.alchemical_chest":1,"stat.useItem.extrautils2.machine":3,"stat.pickup.minecraft.gravel":1,"stat.useItem.minecraft.glass_bottle":66,"stat.craftItem.harvestcraft.wovencottonitem":32,"stat.craftItem.deepmoblearning.data_model_skeleton":1,"stat.useItem.minecraft.diamond_axe":12,"stat.mineBlock.minecraft.anvil":1,"stat.pickup.rftools.dialing_device":1,"stat.useItem.thermalfoundation.tool.excavator_platinum":47,"stat.useItem.minecraft.carpet":17,"stat.useItem.minecraft.potion":3,"stat.pickup.minecraft.fence":4,"stat.craftItem.rftools.charged_porter":1,"stat.craftItem.minecraft.bread":79,"stat.mineBlock.harvestcraft.shadedgarden":3,"stat.pickup.minecraft.spider_eye":5,"stat.mineBlock.nethermetals.nether_emerald_ore":1,"stat.mineBlock.minecraft.iron_bars":2,"stat.mineBlock.nethermetals.nether_coal_ore":9,"stat.pickup.minecraft.reeds":212,"stat.pickup.industrialforegoing.tinydryrubber":6,"stat.pickup.minecraft.oak_stairs":1,"stat.craftItem.deepmoblearning.polymer_clay":32,"stat.craftItem.harvestcraft.doughitem":65,"stat.damageDealt":52960,"stat.pickup.nethermetals.nether_zirconium_ore":8,"stat.pickup.baubles.ring":6,"stat.pickup.projecte.item.pe_time_watch":2,"stat.killEntity.Pig":5,"stat.walkOneCm":2324801,"stat.pickup.minecraft.stick":79,"stat.craftItem.exnihilocreatio.item_material":2,"stat.pickup.biomesoplenty.sapling_0":1329,"stat.mineBlock.thermaldynamics.duct_0":6,"stat.craftItem.harvestcraft.mortarandpestleitem":1,"stat.pickup.minecraft.stone":395,"stat.mineBlock.minecraft.wool":4,"stat.craftItem.minecraft.redstone":27,"stat.craftItem.rftoolsdim.dimlet_workbench":1,"stat.pickup.modernmetals.zirconium_ore":3,"stat.pickup.minecraft.gold_ingot":32,"stat.killEntity.Skeleton":89,"stat.pickup.biomesoplenty.log_0":3559,"stat.pickup.biomesoplenty.log_2":10,"stat.killEntity.Chicken":2,"stat.useItem.biomesoplenty.sapling_0":23,"stat.killEntity.Spider":12,"stat.mineBlock.minecraft.quartz_ore":43,"stat.pickup.minecraft.bread":14,"stat.pickup.minecraft.quartz":43,"stat.useItem.minecraft.golden_apple":12,"stat.mineBlock.minecraft.leaves":1,"stat.useItem.chisel.cobblestone1":52,"stat.pickup.enderio.block_simple_sag_mill":2,"stat.useItem.chisel.cobblestone2":132,"stat.craftItem.minecraft.coal_block":1,"stat.pickup.rftoolsdim.dimlet_workbench":3,"stat.useItem.biomesoplenty.grass":177,"stat.mineBlock.minecraft.stone":229}