{
  "minecraft:recipes/tools/fishing_rod": {
    "criteria": {
      "has_string": "2019-08-14 02:21:21 -0700"
    },
    "done": true
  },
  "minecraft:recipes/food/rabbit_stew_from_brown_mushroom": {
    "criteria": {
      "has_cooked_rabbit": "2019-08-14 02:09:53 -0700"
    },
    "done": true
  },
  "minecraft:recipes/tools/wooden_axe": {
    "criteria": {
      "has_stick": "2019-08-14 02:18:51 -0700"
    },
    "done": true
  },
  "minecraft:recipes/redstone/lever": {
    "criteria": {
      "has_cobblestone": "2019-08-14 04:35:23 -0700"
    },
    "done": true
  },
  "minecraft:recipes/building_blocks/pillar_quartz_block": {
    "criteria": {
      "has_quartz_block": "2019-08-14 02:42:34 -0700"
    },
    "done": true
  },
  "minecraft:recipes/brewing/blaze_powder": {
    "criteria": {
      "has_blaze_rod": "2019-08-14 03:34:02 -0700"
    },
    "done": true
  },
  "biomesoplenty:recipes/decorations/fern_terrarium": {
    "criteria": {
      "has_jar": "2019-08-14 04:59:10 -0700"
    },
    "done": true
  },
  "minecraft:recipes/misc/magenta_dye_from_lapis_ink_bonemeal": {
    "criteria": {
      "has_black_dye": "2019-08-14 03:44:09 -0700"
    },
    "done": true
  },
  "minecraft:recipes/building_blocks/nether_brick_slab": {
    "criteria": {
      "has_nether_brick": "2019-08-14 04:17:35 -0700"
    },
    "done": true
  },
  "minecraft:nether/root": {
    "criteria": {
      "entered_nether": "2019-08-14 04:42:10 -0700"
    },
    "done": true
  },
  "minecraft:recipes/combat/leather_helmet": {
    "criteria": {
      "has_leather": "2019-08-14 03:58:58 -0700"
    },
    "done": true
  },
  "biomesoplenty:recipes/transportation/boat_fir": {
    "criteria": {
      "entered_water": "2019-08-14 02:40:10 -0700"
    },
    "done": true
  },
  "minecraft:recipes/food/rabbit_stew_from_red_mushroom": {
    "criteria": {
      "has_cooked_rabbit": "2019-08-14 02:09:53 -0700"
    },
    "done": true
  },
  "minecraft:recipes/food/bread": {
    "criteria": {
      "has_wheat": "2019-08-14 04:08:35 -0700"
    },
    "done": true
  },
  "minecraft:nether/find_fortress": {
    "criteria": {
      "fortress": "2019-08-14 04:42:52 -0700"
    },
    "done": true
  },
  "minecraft:recipes/misc/leather": {
    "criteria": {
      "has_rabbit_hide": "2019-08-14 04:08:05 -0700"
    },
    "done": true
  },
  "biomesoplenty:recipes/buildingblocks/hellbark_planks": {
    "criteria": {
      "has_log": "2019-08-14 05:05:22 -0700"
    },
    "done": true
  },
  "minecraft:recipes/decorations/ladder": {
    "criteria": {
      "has_stick": "2019-08-14 02:18:51 -0700"
    },
    "done": true
  },
  "minecraft:recipes/decorations/chest": {
    "criteria": {
      "has_lots_of_items": "2019-08-14 02:16:58 -0700"
    },
    "done": true
  },
  "minecraft:story/shiny_gear": {
    "criteria": {
      "diamond_leggings": "2019-08-14 02:16:58 -0700",
      "diamond_helmet": "2019-08-14 02:16:57 -0700",
      "diamond_boots": "2019-08-14 02:16:58 -0700"
    },
    "done": true
  },
  "minecraft:recipes/building_blocks/quartz_slab": {
    "criteria": {
      "has_quartz_block": "2019-08-14 02:42:34 -0700"
    },
    "done": true
  },
  "minecraft:recipes/tools/wooden_shovel": {
    "criteria": {
      "has_stick": "2019-08-14 02:18:51 -0700"
    },
    "done": true
  },
  "biomesoplenty:recipes/transportation/boat_sacred_oak": {
    "criteria": {
      "entered_water": "2019-08-14 02:40:10 -0700"
    },
    "done": true
  },
  "biomesoplenty:recipes/transportation/boat_pine": {
    "criteria": {
      "entered_water": "2019-08-14 02:40:10 -0700"
    },
    "done": true
  },
  "biomesoplenty:recipes/decorations/glowshroom_terrarium": {
    "criteria": {
      "has_jar": "2019-08-14 04:59:10 -0700"
    },
    "done": true
  },
  "biomesoplenty:recipes/buildingblocks/ash_block": {
    "criteria": {
      "has_item": "2019-08-14 05:00:22 -0700"
    },
    "done": true
  },
  "minecraft:recipes/combat/arrow": {
    "criteria": {
      "has_feather": "2019-08-14 02:37:08 -0700"
    },
    "done": true
  },
  "biomesoplenty:recipes/decorations/nether_terrarium": {
    "criteria": {
      "has_jar": "2019-08-14 04:59:10 -0700"
    },
    "done": true
  },
  "minecraft:recipes/transportation/spruce_boat": {
    "criteria": {
      "entered_water": "2019-08-14 02:40:10 -0700"
    },
    "done": true
  },
  "minecraft:recipes/misc/red_dye_from_beetroot": {
    "criteria": {
      "has_beetroot": "2019-08-14 04:08:44 -0700"
    },
    "done": true
  },
  "minecraft:recipes/combat/wooden_sword": {
    "criteria": {
      "has_stick": "2019-08-14 02:18:51 -0700"
    },
    "done": true
  },
  "minecraft:recipes/tools/stone_shovel": {
    "criteria": {
      "has_cobblestone": "2019-08-14 04:35:23 -0700"
    },
    "done": true
  },
  "biomesoplenty:recipes/transportation/boat_ethereal": {
    "criteria": {
      "entered_water": "2019-08-14 02:40:10 -0700"
    },
    "done": true
  },
  "minecraft:recipes/redstone/dispenser": {
    "criteria": {
      "has_bow": "2019-08-14 02:21:47 -0700"
    },
    "done": true
  },
  "minecraft:recipes/building_blocks/oak_planks": {
    "criteria": {
      "has_log": "2019-08-14 02:22:28 -0700"
    },
    "done": true
  },
  "biomesoplenty:recipes/transportation/boat_cherry": {
    "criteria": {
      "entered_water": "2019-08-14 02:40:10 -0700"
    },
    "done": true
  },
  "minecraft:recipes/food/mushroom_stew": {
    "criteria": {
      "has_bowl": "2019-08-14 02:09:53 -0700"
    },
    "done": true
  },
  "minecraft:recipes/food/cake": {
    "criteria": {
      "has_egg": "2019-08-14 02:28:30 -0700"
    },
    "done": true
  },
  "minecraft:husbandry/balanced_diet": {
    "criteria": {
      "cooked_porkchop": "2019-08-14 03:43:39 -0700",
      "cooked_beef": "2019-08-14 04:27:55 -0700",
      "baked_potato": "2019-08-14 03:34:23 -0700",
      "bread": "2019-08-14 02:51:44 -0700",
      "golden_apple": "2019-08-14 03:17:28 -0700",
      "cooked_rabbit": "2019-08-14 02:35:13 -0700",
      "cooked_chicken": "2019-08-14 02:49:26 -0700",
      "carrot": "2019-08-14 02:32:31 -0700"
    },
    "done": false
  },
  "minecraft:recipes/tools/wooden_hoe": {
    "criteria": {
      "has_stick": "2019-08-14 02:18:51 -0700"
    },
    "done": true
  },
  "minecraft:recipes/building_blocks/cobblestone_slab": {
    "criteria": {
      "has_cobblestone": "2019-08-14 04:35:23 -0700"
    },
    "done": true
  },
  "minecraft:recipes/redstone/tripwire_hook": {
    "criteria": {
      "has_string": "2019-08-14 02:21:21 -0700"
    },
    "done": true
  },
  "minecraft:recipes/building_blocks/chiseled_quartz_block": {
    "criteria": {
      "has_quartz_block": "2019-08-14 02:42:34 -0700"
    },
    "done": true
  },
  "biomesoplenty:biomesoplenty/root": {
    "criteria": {
      "bop_flower_0": "2019-08-14 05:03:23 -0700"
    },
    "done": true
  },
  "minecraft:recipes/misc/bone_meal_from_bone": {
    "criteria": {
      "has_bone": "2019-08-14 02:32:22 -0700"
    },
    "done": true
  },
  "biomesoplenty:recipes/transportation/boat_ebony": {
    "criteria": {
      "entered_water": "2019-08-14 02:40:10 -0700"
    },
    "done": true
  },
  "biomesoplenty:recipes/transportation/boat_hellbark": {
    "criteria": {
      "entered_water": "2019-08-14 02:40:10 -0700"
    },
    "done": true
  },
  "biomesoplenty:recipes/decorations/ominous_terrarium": {
    "criteria": {
      "has_jar": "2019-08-14 04:59:10 -0700"
    },
    "done": true
  },
  "biomesoplenty:recipes/transportation/boat_mangrove": {
    "criteria": {
      "entered_water": "2019-08-14 02:40:10 -0700"
    },
    "done": true
  },
  "biomesoplenty:recipes/transportation/boat_eucalyptus": {
    "criteria": {
      "entered_water": "2019-08-14 02:40:10 -0700"
    },
    "done": true
  },
  "minecraft:recipes/building_blocks/hay_block": {
    "criteria": {
      "has_at_least_9_wheat": "2019-08-14 04:10:20 -0700"
    },
    "done": true
  },
  "minecraft:recipes/brewing/brewing_stand": {
    "criteria": {
      "has_blaze_rod": "2019-08-14 03:34:02 -0700"
    },
    "done": true
  },
  "minecraft:recipes/combat/leather_leggings": {
    "criteria": {
      "has_leather": "2019-08-14 03:58:58 -0700"
    },
    "done": true
  },
  "minecraft:recipes/combat/bow": {
    "criteria": {
      "has_string": "2019-08-14 02:21:21 -0700"
    },
    "done": true
  },
  "minecraft:recipes/building_blocks/string_to_wool": {
    "criteria": {
      "has_string": "2019-08-14 02:21:21 -0700"
    },
    "done": true
  },
  "minecraft:recipes/redstone/tnt": {
    "criteria": {
      "has_gunpowder": "2019-08-14 04:18:56 -0700"
    },
    "done": true
  },
  "biomesoplenty:recipes/transportation/boat_mahogany": {
    "criteria": {
      "entered_water": "2019-08-14 02:40:10 -0700"
    },
    "done": true
  },
  "minecraft:recipes/combat/leather_chestplate": {
    "criteria": {
      "has_leather": "2019-08-14 03:58:58 -0700"
    },
    "done": true
  },
  "minecraft:recipes/building_blocks/acacia_planks": {
    "criteria": {
      "has_log2": "2019-08-14 02:45:50 -0700"
    },
    "done": true
  },
  "minecraft:adventure/kill_a_mob": {
    "criteria": {
      "zombie": "2019-08-14 02:32:07 -0700"
    },
    "done": true
  },
  "minecraft:story/obtain_armor": {
    "criteria": {
      "iron_leggings": "2019-08-14 04:31:46 -0700"
    },
    "done": true
  },
  "minecraft:nether/obtain_blaze_rod": {
    "criteria": {
      "blaze_rod": "2019-08-14 03:34:02 -0700"
    },
    "done": true
  },
  "minecraft:story/mine_stone": {
    "criteria": {
      "get_stone": "2019-08-14 04:35:23 -0700"
    },
    "done": true
  },
  "biomesoplenty:biomesoplenty/all_biomes": {
    "criteria": {
      "shrubland": "2019-08-14 04:25:54 -0700",
      "steppe": "2019-08-14 04:26:02 -0700",
      "phantasmagoric_inferno": "2019-08-14 04:58:14 -0700",
      "coniferous_forest": "2019-08-14 02:09:53 -0700",
      "visceral_heap": "2019-08-14 04:56:56 -0700",
      "seasonal_forest": "2019-08-14 04:23:27 -0700",
      "corrupted_sands": "2019-08-14 04:44:35 -0700",
      "glacier": "2019-08-14 02:13:09 -0700",
      "undergarden": "2019-08-14 04:44:01 -0700"
    },
    "done": false
  },
  "biomesoplenty:recipes/misc/coal_from_ash": {
    "criteria": {
      "has_gem_block": "2019-08-14 05:00:22 -0700"
    },
    "done": true
  },
  "biomesoplenty:recipes/decorations/beach_terrarium": {
    "criteria": {
      "has_jar": "2019-08-14 04:59:10 -0700"
    },
    "done": true
  },
  "minecraft:recipes/decorations/furnace": {
    "criteria": {
      "has_cobblestone": "2019-08-14 04:35:23 -0700"
    },
    "done": true
  },
  "biomesoplenty:recipes/decorations/mushroom_terrarium": {
    "criteria": {
      "has_jar": "2019-08-14 04:59:10 -0700"
    },
    "done": true
  },
  "minecraft:recipes/food/beetroot_soup": {
    "criteria": {
      "has_beetroot": "2019-08-14 04:08:44 -0700"
    },
    "done": true
  },
  "minecraft:recipes/misc/gray_dye": {
    "criteria": {
      "has_black_dye": "2019-08-14 03:44:09 -0700"
    },
    "done": true
  },
  "minecraft:adventure/adventuring_time": {
    "criteria": {
      "ice_flats": "2019-08-14 04:07:33 -0700",
      "plains": "2019-08-14 02:26:26 -0700",
      "ocean": "2019-08-14 04:38:08 -0700",
      "river": "2019-08-14 02:11:16 -0700"
    },
    "done": false
  },
  "minecraft:recipes/building_blocks/spruce_planks": {
    "criteria": {
      "has_log": "2019-08-14 02:48:12 -0700"
    },
    "done": true
  },
  "minecraft:recipes/tools/wooden_pickaxe": {
    "criteria": {
      "has_stick": "2019-08-14 02:18:51 -0700"
    },
    "done": true
  },
  "biomesoplenty:recipes/decorations/dead_terrarium": {
    "criteria": {
      "has_jar": "2019-08-14 04:59:10 -0700"
    },
    "done": true
  },
  "minecraft:recipes/building_blocks/stone_brick_slab": {
    "criteria": {
      "has_stonebrick": "2019-08-14 03:22:59 -0700"
    },
    "done": true
  },
  "minecraft:husbandry/root": {
    "criteria": {
      "consumed_item": "2019-08-14 02:32:31 -0700"
    },
    "done": true
  },
  "minecraft:recipes/transportation/birch_boat": {
    "criteria": {
      "entered_water": "2019-08-14 02:40:10 -0700"
    },
    "done": true
  },
  "minecraft:recipes/decorations/nether_brick_fence": {
    "criteria": {
      "has_nether_brick": "2019-08-14 04:17:35 -0700"
    },
    "done": true
  },
  "biomesoplenty:recipes/decorations/bamboo_terrarium": {
    "criteria": {
      "has_jar": "2019-08-14 04:59:10 -0700"
    },
    "done": true
  },
  "minecraft:recipes/combat/stone_sword": {
    "criteria": {
      "has_cobblestone": "2019-08-14 04:35:23 -0700"
    },
    "done": true
  },
  "minecraft:recipes/building_blocks/quartz_stairs": {
    "criteria": {
      "has_quartz_block": "2019-08-14 02:42:34 -0700"
    },
    "done": true
  },
  "biomesoplenty:recipes/transportation/boat_willow": {
    "criteria": {
      "entered_water": "2019-08-14 02:40:10 -0700"
    },
    "done": true
  },
  "minecraft:recipes/decorations/cobblestone_wall": {
    "criteria": {
      "has_cobblestone": "2019-08-14 04:35:23 -0700"
    },
    "done": true
  },
  "biomesoplenty:recipes/decorations/wasteland_terrarium": {
    "criteria": {
      "has_jar": "2019-08-14 04:59:10 -0700"
    },
    "done": true
  },
  "minecraft:recipes/misc/light_gray_dye_from_ink_bonemeal": {
    "criteria": {
      "has_black_dye": "2019-08-14 03:44:09 -0700"
    },
    "done": true
  },
  "minecraft:recipes/brewing/fermented_spider_eye": {
    "criteria": {
      "has_spider_eye": "2019-08-14 03:28:13 -0700"
    },
    "done": true
  },
  "minecraft:recipes/transportation/acacia_boat": {
    "criteria": {
      "entered_water": "2019-08-14 02:40:10 -0700"
    },
    "done": true
  },
  "minecraft:recipes/tools/stone_pickaxe": {
    "criteria": {
      "has_cobblestone": "2019-08-14 04:35:23 -0700"
    },
    "done": true
  },
  "biomesoplenty:recipes/transportation/boat_redwood": {
    "criteria": {
      "entered_water": "2019-08-14 02:40:10 -0700"
    },
    "done": true
  },
  "biomesoplenty:recipes/decorations/ender_terrarium": {
    "criteria": {
      "has_jar": "2019-08-14 04:59:10 -0700"
    },
    "done": true
  },
  "biomesoplenty:recipes/misc/orange_dye_from_burning_blossom": {
    "criteria": {
      "has_flower": "2019-08-14 05:03:23 -0700"
    },
    "done": true
  },
  "biomesoplenty:recipes/decorations/flower_terrarium": {
    "criteria": {
      "has_jar": "2019-08-14 04:59:10 -0700"
    },
    "done": true
  },
  "minecraft:adventure/root": {
    "criteria": {
      "killed_something": "2019-08-14 02:32:07 -0700"
    },
    "done": true
  },
  "minecraft:husbandry/plant_seed": {
    "criteria": {
      "wheat": "2019-08-14 04:08:38 -0700"
    },
    "done": true
  },
  "minecraft:recipes/transportation/boat": {
    "criteria": {
      "entered_water": "2019-08-14 02:40:10 -0700"
    },
    "done": true
  },
  "minecraft:recipes/combat/leather_boots": {
    "criteria": {
      "has_leather": "2019-08-14 03:58:58 -0700"
    },
    "done": true
  },
  "minecraft:recipes/transportation/jungle_boat": {
    "criteria": {
      "entered_water": "2019-08-14 02:40:10 -0700"
    },
    "done": true
  },
  "minecraft:recipes/misc/bowl": {
    "criteria": {
      "has_red_mushroom": "2019-08-14 02:09:53 -0700"
    },
    "done": true
  },
  "biomesoplenty:recipes/decorations/mystic_terrarium": {
    "criteria": {
      "has_jar": "2019-08-14 04:59:10 -0700"
    },
    "done": true
  },
  "minecraft:adventure/shoot_arrow": {
    "criteria": {
      "shot_arrow": "2019-08-14 02:43:39 -0700"
    },
    "done": true
  },
  "minecraft:recipes/decorations/item_frame": {
    "criteria": {
      "has_leather": "2019-08-14 03:58:58 -0700"
    },
    "done": true
  },
  "biomesoplenty:recipes/decorations/origin_terrarium": {
    "criteria": {
      "has_jar": "2019-08-14 04:59:10 -0700"
    },
    "done": true
  },
  "minecraft:recipes/tools/stone_hoe": {
    "criteria": {
      "has_cobblestone": "2019-08-14 04:35:23 -0700"
    },
    "done": true
  },
  "minecraft:recipes/transportation/carrot_on_a_stick": {
    "criteria": {
      "has_carrot": "2019-08-14 02:09:53 -0700"
    },
    "done": true
  },
  "minecraft:recipes/transportation/dark_oak_boat": {
    "criteria": {
      "entered_water": "2019-08-14 02:40:10 -0700"
    },
    "done": true
  },
  "biomesoplenty:recipes/transportation/boat_jacaranda": {
    "criteria": {
      "entered_water": "2019-08-14 02:40:10 -0700"
    },
    "done": true
  },
  "biomesoplenty:recipes/transportation/boat_umbran": {
    "criteria": {
      "entered_water": "2019-08-14 02:40:10 -0700"
    },
    "done": true
  },
  "minecraft:adventure/kill_all_mobs": {
    "criteria": {
      "zombie_villager": "2019-08-14 03:26:47 -0700",
      "skeleton": "2019-08-14 02:32:18 -0700",
      "blaze": "2019-08-14 03:32:53 -0700",
      "zombie": "2019-08-14 02:32:07 -0700",
      "witch": "2019-08-14 03:46:45 -0700",
      "spider": "2019-08-14 03:16:19 -0700",
      "ghast": "2019-08-14 05:06:26 -0700",
      "creeper": "2019-08-14 03:24:37 -0700",
      "enderman": "2019-08-14 03:18:52 -0700"
    },
    "done": false
  },
  "biomesoplenty:recipes/decorations/koru_terrarium": {
    "criteria": {
      "has_jar": "2019-08-14 04:59:10 -0700"
    },
    "done": true
  },
  "minecraft:story/enter_the_nether": {
    "criteria": {
      "entered_nether": "2019-08-14 04:42:10 -0700"
    },
    "done": true
  },
  "minecraft:recipes/building_blocks/nether_brick_stairs": {
    "criteria": {
      "has_nether_brick": "2019-08-14 04:17:35 -0700"
    },
    "done": true
  },
  "biomesoplenty:recipes/food/bowl_of_rice": {
    "criteria": {
      "has_bowl": "2019-08-14 02:09:53 -0700"
    },
    "done": true
  },
  "minecraft:recipes/building_blocks/stone_stairs": {
    "criteria": {
      "has_cobblestone": "2019-08-14 04:35:23 -0700"
    },
    "done": true
  },
  "biomesoplenty:recipes/transportation/boat_magic": {
    "criteria": {
      "entered_water": "2019-08-14 02:40:10 -0700"
    },
    "done": true
  },
  "minecraft:recipes/building_blocks/nether_brick": {
    "criteria": {
      "has_netherbrick": "2019-08-14 03:59:33 -0700"
    },
    "done": true
  },
  "biomesoplenty:recipes/transportation/boat_palm": {
    "criteria": {
      "entered_water": "2019-08-14 02:40:10 -0700"
    },
    "done": true
  },
  "biomesoplenty:recipes/misc/gray_dye_from_ash": {
    "criteria": {
      "has_flower": "2019-08-14 05:00:22 -0700"
    },
    "done": true
  },
  "biomesoplenty:recipes/decorations/cactus_terrarium": {
    "criteria": {
      "has_jar": "2019-08-14 04:59:10 -0700"
    },
    "done": true
  },
  "minecraft:recipes/tools/stone_axe": {
    "criteria": {
      "has_cobblestone": "2019-08-14 04:35:23 -0700"
    },
    "done": true
  },
  "minecraft:recipes/building_blocks/chiseled_stonebrick": {
    "criteria": {
      "has_stonebrick": "2019-08-14 03:22:59 -0700"
    },
    "done": true
  },
  "minecraft:recipes/building_blocks/stone_brick_stairs": {
    "criteria": {
      "has_stonebrick": "2019-08-14 03:22:59 -0700"
    },
    "done": true
  }
}