{"stat.leaveGame":42,"stat.pickup.toughasnails.purified_water_bottle":103,"stat.useItem.exnihilocreatio.block_waterwheel":6,"stat.pickup.deepmoblearning.polymer_clay":32,"stat.drop.forge.bucketfilled":2,"stat.killEntity.PigZombie":10,"stat.mineBlock.minecraft.stained_glass":71,"stat.drop.minecraft.enchanted_book":2,"stat.mineBlock.harvestcraft.beehive":4,"stat.entityKilledBy.PigZombie":1,"stat.craftItem.harvestcraft.royaljellyitem":1,"stat.pickup.rftoolsdim.known_dimlet":3,"stat.pickup.minecraft.rotten_flesh":194,"stat.pickup.enderio.item_conduit_probe":1,"stat.useItem.minecraft.diamond_hoe":26,"stat.pickup.quark.basalt":44,"stat.craftItem.bigreactors.reactorcasingcores":14,"stat.pickup.thermalfoundation.tool.excavator_platinum":6,"stat.useItem.rftools.shape_card":19,"stat.pickup.thermalfoundation.tool.pickaxe_platinum":6,"stat.pickup.rftools.rf_monitor":6,"stat.pickup.rftools.modular_storage":8,"stat.drop.harvestcraft.friedchickenitem":1,"stat.useItem.exnihilocreatio.block_sieve":8,"stat.pickup.minecraft.leather_boots":4,"stat.craftItem.rftools.matter_receiver":1,"stat.craftItem.lootbags.loot_storage":1,"stat.pickup.enderio.item_broken_spawner":9,"stat.pickup.harvestcraft.radishitem":1,"stat.pickup.biomesoplenty.mushroom":5,"stat.pickup.minecraft.brown_mushroom":11,"stat.craftItem.bigreactors.reactorfuelrod":2,"stat.killEntity.Witch":1,"stat.pickup.extrautils2.trashchest":2,"stat.pickup.quark.tallow":20,"stat.craftItem.harvestcraft.presser":1,"stat.craftItem.harvestcraft.grainbaititem":12,"stat.pickup.rftoolsdim.dimension_enscriber":1,"stat.pickup.minecraft.stained_hardened_clay":62,"stat.craftItem.minecraft.iron_door":3,"stat.pickup.rftools.matter_receiver":1,"stat.pickup.thermalexpansion.satchel":8,"stat.pickup.harvestcraft.rhubarbitem":1,"stat.pickup.minecraft.double_plant":2,"stat.mineBlock.deepmoblearning.simulation_chamber":1,"stat.craftItem.minecraft.bed":2,"stat.pickup.tanaddons.temp_regulator":2,"stat.craftItem.harvestcraft.skilletitem":1,"stat.craftItem.minecraft.glass_pane":16,"stat.pickup.enderio.item_basic_capacitor":2,"stat.mineBlock.chisel.marble2":3,"stat.mineBlock.minecraft.hopper":4,"stat.pickup.thermalfoundation.material":12,"stat.furnaceInteraction":215,"stat.pickup.biomesoplenty.hard_ice":5,"stat.useItem.minecraft.pumpkin_seeds":16,"stat.killEntity.ZombieVillager":4,"stat.craftItem.tanaddons.temp_regulator":1,"stat.pickup.extrautils2.enderlilly":2,"stat.useItem.extrautils2.screen":3,"stat.pickup.minecraft.beef":3,"stat.craftItem.harvestcraft.queenbeeitem":1,"stat.pickup.thermalfoundation.armor.helmet_platinum":4,"stat.pickup.minecraft.leather_helmet":2,"stat.pickup.biomesoplenty.flower_1":71,"stat.useItem.minecraft.trapdoor":1,"stat.mineBlock.minecraft.stained_hardened_clay":54,"stat.pickup.biomesoplenty.flower_0":3,"stat.pickup.bigreactors.ingotblutonium":23,"stat.useItem.minecraft.fence":36,"stat.pickup.rftools.machine_frame":1,"stat.craftItem.refinedstorage.cable":12,"stat.useItem.harvestcraft.applejuiceitem":5,"stat.craftItem.toughasnails.purified_water_bottle":69,"stat.pickup.minecraft.potion":33,"stat.mineBlock.minecraft.fence":4,"stat.useItem.minecraft.flint_and_steel":2,"stat.pickup.bigreactors.ingotcyanite":3,"stat.useItem.minecraft.wheat_seeds":167,"stat.mineBlock.minecraft.dark_oak_fence_gate":2,"stat.useItem.biomesoplenty.flower_1":23,"stat.mineBlock.avaritiarecipemaker.vanillarecipemakerblock":1,"stat.killEntity.Husk":1,"stat.pickup.bigreactors.reactoraccessport":1,"stat.useItem.minecraft.lingering_potion":1,"stat.pickup.minecraft.emerald":9,"stat.useItem.minecraft.dye":2,"stat.mineBlock.enderstorage.ender_storage":2,"stat.pickup.minecraft.lever":8,"stat.deaths":6,"stat.pickup.minecraft.egg":72,"stat.mineBlock.extrautils2.trashchest":2,"stat.craftItem.minecraft.item_frame":12,"stat.pickup.minecraft.item_frame":3,"stat.drop.minecraft.torch":1,"stat.craftItem.minecraft.repeater":1,"stat.pickup.extrautils2.screen":4,"stat.pickup.chisel.marble2":2,"stat.mineBlock.minecraft.tallgrass":36,"stat.craftItem.minecraft.cooked_mutton":32,"stat.pickup.minecraft.cooked_mutton":41,"stat.useItem.toughasnails.temperature_coil":2,"stat.chestOpened":3056,"stat.useItem.minecraft.splash_potion":12,"stat.useItem.minecraft.stone":42,"stat.pickup.minecraft.arrow":168,"stat.pickup.minecraft.iron_sword":1,"stat.killEntity.Ghast":4,"stat.pickup.minecraft.gold_nugget":10,"stat.pickup.extrautils2.chunkloader":1,"stat.craftItem.minecraft.coal":325,"stat.pickup.deepmoblearning.simulation_chamber":1,"stat.pickup.enderio.item_alloy_ingot":1,"stat.craftItem.rftools.dialing_device":1,"stat.pickup.minecraft.carrot":2,"stat.crouchOneCm":69181,"stat.mineBlock.projecte.dm_pedestal":2,"stat.mineBlock.minecraft.chest":1,"stat.pickup.minecraft.rail":16,"stat.craftItem.libvulpes.holoprojector":1,"stat.craftItem.minecraft.hopper":1,"stat.killEntity.thermalfoundation.blizz":1,"stat.craftingTableInteraction":166,"stat.pickup.refinedstorage.network_receiver":1,"stat.pickup.minecraft.jungle_door":1,"stat.pickup.extrautils2.spike_stone":9,"stat.craftItem.thermalexpansion.satchel":1,"stat.useItem.minecraft.reeds":35,"stat.pickup.toughasnails.temperature_coil":7,"stat.mineBlock.biomesoplenty.plant_1":1,"stat.mineBlock.biomesoplenty.plant_0":32,"stat.pickup.minecraft.dye":54,"stat.pickup.exnihilocreatio.item_ore_gold":2,"stat.pickup.minecraft.planks":10,"stat.pickup.biomesoplenty.plant_1":13,"stat.pickup.chisel.limestone2":25,"stat.pickup.minecraft.wheat_seeds":363,"stat.pickup.enderio.item_material":1,"stat.pickup.rftools.charged_porter":2,"stat.mineBlock.minecraft.dirt":113,"stat.craftItem.enderio.item_alloy_nugget":9,"stat.craftItem.enderio.block_simple_sag_mill":1,"stat.pickup.toughasnails.ice_cube":1,"stat.pickup.exnihilocreatio.item_mesh":3,"stat.craftItem.bigreactors.ingotgraphite":112,"stat.useItem.minecraft.bread":123,"stat.craftItem.thermalfoundation.storage":1,"stat.mineBlock.biomesoplenty.leaves_3":3,"stat.craftItem.extrautils2.spike_stone":4,"stat.mineBlock.biomesoplenty.leaves_1":10,"stat.useItem.thermalfoundation.tool.hammer_platinum":233,"stat.drop.minecraft.rotten_flesh":12,"stat.drop.minecraft.porkchop":2,"stat.useItem.minecraft.cobblestone":292,"stat.mineBlock.rftoolsdim.dimlet_workbench":3,"stat.craftItem.refinedstorage.disk_drive":2,"stat.useItem.minecraft.yellow_flower":6,"stat.pickup.minecraft.hopper":6,"stat.pickup.minecraft.chicken":6,"stat.mineBlock.biomesoplenty.sapling_0":3,"stat.pickup.nethermetals.nether_manganese_ore":2,"stat.pickup.minecraft.banner":3,"stat.useItem.exnihilocreatio.block_axle_stone":5,"stat.pickup.bigreactors.reactorcasing":2,"stat.craftItem.minecraft.planks":244,"stat.craftItem.refinedstorage.storage_disk":10,"stat.pickup.biomesoplenty.berries":19,"stat.mineBlock.projecte.alchemical_chest":1,"stat.pickup.minecraft.book":18,"stat.mineBlock.minecraft.log":6,"stat.mineBlock.minecraft.heavy_weighted_pressure_plate":2,"stat.useItem.biomesoplenty.dirt":96,"stat.pickup.minecraft.iron_door":3,"stat.craftItem.minecraft.paper":105,"stat.pickup.biomesoplenty.dirt":1345,"stat.pickup.minecraft.red_flower":12,"stat.craftItem.thermalexpansion.frame":2,"stat.pickup.minecraft.wool":30,"stat.pickup.exnihilocreatio.block_sieve":1,"stat.useItem.minecraft.wooden_axe":15,"stat.pickup.extrautils2.pipe":3,"stat.craftItem.minecraft.cobblestone":72,"stat.craftItem.harvestcraft.saucepanitem":1,"stat.drop.toughasnails.jelled_slime_helmet":1,"stat.craftItem.harvestcraft.wafflesitem":10,"stat.craftItem.enderio.item_alloy_ball":24,"stat.drop.biomesoplenty.jar_empty":2,"stat.mineBlock.minecraft.cobblestone":30,"stat.mineBlock.minecraft.pumpkin":45,"stat.pickup.minecraft.flint":2,"stat.mineBlock.minecraft.yellow_flower":1,"stat.pickup.minecraft.flower_pot":3,"stat.pickup.minecraft.enchanted_book":3,"stat.pickup.openblocks.fan":6,"stat.drop.minecraft.cobblestone":1,"stat.useItem.openblocks.elevator":1,"stat.mineBlock.extrautils2.chunkloader":1,"stat.useItem.minecraft.obsidian":14,"stat.mineBlock.ironchest.iron_chest":2,"stat.pickup.refinedstorage.grid":1,"stat.useItem.minecraft.stone_slab2":981,"stat.pickup.minecraft.bow":13,"stat.pickup.forge.bucketfilled":1,"stat.pickup.minecraft.iron_boots":1,"stat.craftItem.thermalfoundation.tool.hammer_platinum":1,"stat.craftItem.minecraft.lapis_block":17,"stat.craftItem.refinedstorage.network_transmitter":1,"stat.useItem.minecraft.egg":4,"stat.craftItem.minecraft.cooked_beef":24,"stat.pickup.quark.black_ash":4,"stat.mineBlock.minecraft.clay":7,"stat.flyOneCm":3179690,"stat.timeSinceDeath":392734,"stat.pickup.basemetals.coldiron_ore":7,"stat.useItem.minecraft.iron_door":2,"stat.craftItem.minecraft.iron_block":7,"stat.killEntity.Bat":1,"stat.useItem.minecraft.potato":6,"stat.pickup.biomesoplenty.double_plant":1,"stat.pickup.minecraft.chainmail_helmet":1,"stat.craftItem.bigreactors.reactorpowertaprf":1,"stat.mineBlock.minecraft.enchanting_table":1,"stat.pickup.thermaldynamics.duct_0":7,"stat.killEntity.Creeper":6,"stat.pickup.minecraft.shield":1,"stat.pickup.exnihilocreatio.item_seed_oak":7,"stat.talkedToVillager":6,"stat.craftItem.refinedstorage.quartz_enriched_iron":208,"stat.craftItem.refinedstorage.network_receiver":1,"stat.pickup.minecraft.string":41,"stat.craftItem.rftools.matter_transmitter":1,"stat.pickup.enderio.block_cap_bank":1,"stat.sprintOneCm":1335864,"stat.useItem.minecraft.diamond_shovel":3,"stat.mineBlock.biomesoplenty.flower_1":6,"stat.drop.toughasnails.jelled_slime_chestplate":2,"stat.mineBlock.biomesoplenty.flower_0":1,"stat.mineBlock.minecraft.stone_slab":5,"stat.mineBlock.biomesoplenty.grass":202,"stat.mineBlock.extrautils2.machine":3,"stat.craftItem.harvestcraft.batteritem":18,"stat.pickup.minecraft.leather_leggings":2,"stat.pickup.nethermetals.nether_lapis_ore":5,"stat.useItem.harvestcraft.apiary":3,"stat.useItem.minecraft.wooden_sword":1,"stat.useItem.minecraft.ladder":35,"stat.craftItem.enderio.block_sag_mill":1,"stat.pickup.projecte.item.pe_black_hole":1,"stat.craftItem.deepmoblearning.machine_casing":1,"stat.pickup.minecraft.iron_block":6,"stat.killEntity.Zombie":197,"stat.craftItem.deepmoblearning.data_model_blank":1,"stat.drop.exnihilocreatio.item_ore_gold":2,"stat.craftItem.minecraft.dye":3,"stat.pickup.minecraft.snowball":4,"stat.pickup.rftools.dimensional_shard":2,"stat.pickup.nethermetals.nether_emerald_ore":1,"stat.diveOneCm":229174,"stat.pickup.minecraft.wheat":373,"stat.pickup.extrautils2.machine":3,"stat.craftItem.minecraft.ladder":6,"stat.pickup.toughasnails.jelled_slime_chestplate":4,"stat.pickup.exnihilocreatio.block_crucible":1,"stat.drop.lootbags.itemlootbag":6,"stat.pickup.nethermetals.nether_iron_ore":4,"stat.useItem.minecraft.heavy_weighted_pressure_plate":4,"stat.craftItem.thermalexpansion.machine":2,"stat.pickup.deepmoblearning.data_model_blaze":1,"stat.useItem.minecraft.rotten_flesh":1,"stat.jump":6291,"stat.pickup.minecraft.coal":23,"stat.pickup.minecraft.iron_ingot":7,"stat.craftItem.minecraft.lever":9,"stat.craftItem.refinedstorage.grid":3,"stat.pickup.minecraft.gunpowder":5,"stat.craftItem.minecraft.torch":8,"stat.pickup.minecraft.dirt":329,"stat.pickup.nethermetals.nether_copper_ore":3,"stat.pickup.minecraft.stone_shovel":1,"stat.craftItem.refinedstorage.importer":1,"stat.killEntity.quark:wraith":2,"stat.pickup.minecraft.iron_axe":2,"stat.pickup.sereneseasons.greenhouse_glass":12,"stat.mineBlock.modernmetals.zirconium_ore":1,"stat.pickup.biomesoplenty.grass":64,"stat.mineBlock.minecraft.glass_pane":3,"stat.brewingstandInteraction":1,"stat.damageTaken":9989,"stat.mineBlock.minecraft.torch":60,"stat.mineBlock.minecraft.red_flower":5,"stat.pickup.harvestcraft.gigapickleitem":19,"stat.pickup.minecraft.magma_cream":1,"stat.craftItem.minecraft.comparator":2,"stat.pickup.minecraft.bed":2,"stat.pickup.rftoolsdim.dimlet_parcel":1,"stat.pickup.minecraft.quartz_block":15,"stat.pickup.minecraft.potato":51,"stat.entityKilledBy.Zombie":1,"stat.pickup.minecraft.rabbit_hide":1,"stat.mineBlock.exnihilocreatio.block_axle_stone":2,"stat.useItem.harvestcraft.gigapickleseeditem":5,"stat.pickup.chickenchunks.chunk_loader":1,"stat.useItem.minecraft.chest":15,"stat.drop.minecraft.wheat":18,"stat.pickup.minecraft.diamond_pickaxe":1,"stat.craftItem.harvestcraft.butteritem":12,"stat.craftItem.bigreactors.reactoraccessport":1,"stat.mineBlock.biomesoplenty.planks_0":2,"stat.mineBlock.ironchest.iron_shulker_box_magenta":1,"stat.drop.minecraft.netherrack":1,"stat.craftItem.rftools.powercell_simple":3,"stat.craftItem.basemetals.steel_ingot":1,"stat.useItem.minecraft.item_frame":1,"stat.useItem.minecraft.stained_hardened_clay":12,"stat.pickup.minecraft.ender_pearl":3,"stat.useItem.minecraft.redstone_ore":11,"stat.pickup.minecraft.ladder":11,"stat.useItem.minecraft.netherrack":16,"stat.useItem.projecte.dm_pedestal":1,"stat.mineBlock.minecraft.stonebrick":3,"stat.mineBlock.refinedstorage.grid":1,"stat.pickup.harvestcraft.queenbeeitem":4,"stat.mobKills":459,"stat.mineBlock.minecraft.bookshelf":3,"stat.pickup.minecraft.diamond":2,"stat.pickup.minecraft.beetroot_seeds":41,"stat.drop.biomesoplenty.dirt":1,"stat.pickup.deepmoblearning.deep_learner":1,"stat.pickup.minecraft.torch":405,"stat.craftItem.refinedstorage.controller":1,"stat.craftItem.harvestcraft.heavycreamitem":7,"stat.drop.minecraft.arrow":1,"stat.mineBlock.nethermetals.nether_iron_ore":4,"stat.mineBlock.exnihilocreatio.block_sieve":1,"stat.pickup.thermalfoundation.armor.boots_platinum":4,"stat.mineBlock.openblocks.fan":6,"stat.pickup.minecraft.dark_oak_fence_gate":2,"stat.craftItem.enderio.item_basic_capacitor":1,"stat.mineBlock.enderio.block_simple_sag_mill":2,"stat.killEntity.Blaze":18,"stat.pickup.biomesoplenty.jar_filled":1,"stat.useItem.chickenchunks.chunk_loader":1,"stat.drop.harvestcraft.applejuiceitem":64,"stat.useItem.minecraft.planks":48,"stat.drop.thermalfoundation.tool.axe_platinum":1,"stat.pickup.basemetals.copper_boots":1,"stat.pickup.enderstorage.ender_storage":2,"stat.pickup.minecraft.porkchop":27,"stat.pickup.toughasnails.jelled_slime_leggings":3,"stat.craftItem.bigreactors.reactorcontrolrod":2,"stat.pickup.minecraft.glass":26,"stat.mineBlock.bigreactors.reactoraccessport":1,"stat.useItem.minecraft.water_bucket":9,"stat.pickup.openblocks.elevator":1,"stat.mineBlock.extrautils2.screen":4,"stat.pickup.minecraft.sand":14,"stat.craftItem.minecraft.golden_apple":1,"stat.entityKilledBy.Spider":1,"stat.drop.enderio.item_travel_staff":2,"stat.pickup.harvestcraft.sweetpotatoitem":2,"stat.pickup.minecraft.name_tag":1,"stat.drop.harvestcraft.meatfeastpizzaitem":1,"stat.useItem.quark.stonebrick_wall":4,"stat.useItem.projecte.item.pe_rm_pick":10,"stat.craftItem.minecraft.stone_sword":3,"stat.pickup.ironchest.iron_shulker_box_magenta":1,"stat.mineBlock.biomesoplenty.ash_block":7,"stat.useItem.refinedstorage.network_card":36,"stat.mineBlock.nethermetals.nether_rutile_ore":1,"stat.hopperInspected":4,"stat.useItem.minecraft.spawn_egg":72,"stat.pickup.thermalexpansion.cell":1,"stat.drop.projecte.item.pe_time_watch":1,"stat.mineBlock.biomesoplenty.dirt":74,"stat.craftItem.bigreactors.reactorcasing":56,"stat.craftItem.enderio.item_material":17,"stat.useItem.minecraft.oak_stairs":21,"stat.mineBlock.rftools.support_block":4,"stat.craftItem.refinedstorage.machine_casing":7,"stat.craftItem.thermalfoundation.material":62,"stat.pickup.harvestcraft.turnipitem":1,"stat.pickup.thermalfoundation.armor.plate_platinum":4,"stat.useItem.extrautils2.trowel":1,"stat.useItem.extrautils2.pipe":7,"stat.pickup.deepmoblearning.data_model_zombie":1,"stat.useItem.minecraft.cooked_mutton":32,"stat.pickup.minecraft.furnace":3,"stat.useItem.thermaldynamics.duct_0":28,"stat.mineBlock.thermalexpansion.cell":1,"stat.pickup.minecraft.iron_chestplate":2,"stat.pickup.minecraft.skull":13,"stat.mineBlock.rftools.crafter2":6,"stat.pickup.minecraft.stone_stairs":2,"stat.mineBlock.rftools.crafter1":3,"stat.pickup.deepmoblearning.soot_covered_redstone":36,"stat.pickup.modernmetals.cadmium_ingot":2,"stat.craftItem.ironchest.iron_chest":1,"stat.mineBlock.nethermetals.nether_manganese_ore":1,"stat.pickup.minecraft.pumpkin_seeds":4,"stat.useItem.minecraft.hopper":7,"stat.craftItem.minecraft.heavy_weighted_pressure_plate":4,"stat.mineBlock.chickenchunks.chunk_loader":1,"stat.craftItem.enderio.block_simple_alloy_smelter":1,"stat.mineBlock.minecraft.oak_stairs":1,"stat.craftItem.harvestcraft.groundtrap":1,"stat.pickup.ironchest.iron_chest":2,"stat.playOneMinute":2316142,"stat.pickup.minecraft.blaze_rod":7,"stat.pickup.thermalfoundation.tool.axe_platinum":7,"stat.pickup.minecraft.iron_bars":6,"stat.pickup.minecraft.dispenser":1,"stat.pickup.minecraft.netherrack":2028,"stat.pickup.minecraft.pumpkin":43,"stat.pickup.harvestcraft.tomatoitem":3,"stat.mineBlock.minecraft.netherrack":1462,"stat.mineBlock.minecraft.ice":2,"stat.mineBlock.refinedstorage.controller":1,"stat.craftItem.harvestcraft.mixingbowlitem":1,"stat.useItem.harvestcraft.wafflesitem":2,"stat.craftItem.harvestcraft.waterfilter":1,"stat.mineBlock.basemetals.coldiron_ore":7,"stat.craftItem.refinedstorage.upgrade":11,"stat.craftItem.biomesoplenty.planks_0":128,"stat.mineBlock.rftools.rf_monitor":6,"stat.fallOneCm":100557,"stat.drop.minecraft.stone":1,"stat.useItem.biomesoplenty.jar_empty":1,"stat.useItem.bigreactors.reactorcasing":30,"stat.craftItem.minecraft.chest":17,"stat.mineBlock.minecraft.lever":6,"stat.pickup.minecraft.red_mushroom":3,"stat.useItem.minecraft.iron_hoe":105,"stat.pickup.openblocks.golden_egg":1,"stat.pickup.minecraft.heavy_weighted_pressure_plate":6,"stat.pickup.minecraft.comparator":34,"stat.pickup.minecraft.feather":17,"stat.useItem.minecraft.furnace":3,"stat.craftItem.advancedrocketry.satelliteprimaryfunction":2,"stat.pickup.basemetals.copper_ingot":17,"stat.pickup.nethermetals.nether_rutile_ore":2,"stat.pickup.minecraft.iron_leggings":2,"stat.mineBlock.minecraft.gravel":10,"stat.pickup.toughasnails.jelled_slime_helmet":3,"stat.mineBlock.rftools.modular_storage":8,"stat.pickup.minecraft.chainmail_boots":1,"stat.craftItem.rftools.machine_frame":9,"stat.pickup.chisel.chisel_hitech":1,"stat.drop.minecraft.stick":2,"stat.mineBlock.minecraft.quartz_stairs":2,"stat.useItem.extrautils2.spike_stone":47,"stat.useItem.minecraft.torch":672,"stat.pickup.minecraft.golden_apple":2,"stat.craftItem.rftoolsdim.dimension_enscriber":1,"stat.useItem.extrautils2.grocket":3,"stat.craftItem.minecraft.redstone_block":9,"stat.useItem.minecraft.log":185,"stat.pickup.minecraft.crafting_table":2,"stat.craftItem.minecraft.crafting_table":7,"stat.pickup.enderio.block_simple_alloy_smelter":1,"stat.pickup.thermalfoundation.tool.hammer_platinum":7,"stat.killEntity.LavaSlime":19,"stat.pickup.extrautils2.grocket":1,"stat.pickup.minecraft.redstone_block":24,"stat.pickup.minecraft.log":42,"stat.pickup.rftools.crafter2":6,"stat.pickup.biomesoplenty.planks_0":2,"stat.pickup.rftools.crafter1":3,"stat.drop.rftools.charged_porter":1,"stat.craftItem.refinedstorage.processor_binding":96,"stat.craftItem.minecraft.redstone_ore":10,"stat.pickup.minecraft.sapling":64,"stat.mineBlock.enderio.block_cap_bank":1,"stat.useItem.openblocks.fan":11,"stat.craftItem.refinedstorage.processor":46,"stat.pickup.minecraft.beetroot":31,"stat.mineBlock.quark.basalt":44,"stat.craftItem.bigreactors.reactorcontroller":1,"stat.pickup.enderio.item_travel_staff":3,"stat.craftItem.harvestcraft.freshmilkitem":40,"stat.pickup.refinedstorage.wireless_transmitter":1,"stat.mineBlock.nethermetals.nether_copper_ore":3,"stat.killEntity.WitherSkeleton":4,"stat.craftItem.thermaldynamics.duct_0":30,"stat.pickup.exnihilocreatio.block_axle_stone":2,"stat.craftItem.minecraft.sugar":26,"stat.pickup.harvestcraft.juteitem":1,"stat.craftItem.harvestcraft.apiary":4,"stat.useItem.minecraft.beetroot_seeds":1,"stat.sneakTime":36158,"stat.pickup.harvestcraft.tealeafitem":3,"stat.mineBlock.nethermetals.nether_lapis_ore":5,"stat.drop.toughasnails.jelled_slime_leggings":1,"stat.entityKilledBy.Blaze":1,"stat.pickup.minecraft.stone_slab":9,"stat.pickup.minecraft.yellow_flower":4,"stat.useItem.thermalfoundation.tool.axe_platinum":76,"stat.pickup.minecraft.golden_rail":1,"stat.pickup.minecraft.chest":6,"stat.pickup.minecraft.bone":244,"stat.mineBlock.bigreactors.reactorcasing":2,"stat.pickup.minecraft.redstone_torch":2,"stat.mineBlock.extrautils2.spike_stone":4,"stat.useItem.thermalfoundation.tool.sword_platinum":1939,"stat.useItem.minecraft.diamond_sword":26,"stat.pickup.basemetals.nickel_ingot":6,"stat.pickup.avaritiarecipemaker.vanillarecipemakerblock":1,"stat.pickup.toughasnails.jelled_slime_boots":3,"stat.useItem.harvestcraft.minerstewitem":2,"stat.swimOneCm":43324,"stat.pickup.quark.glass_shards":229,"stat.climbOneCm":47726,"stat.craftItem.minecraft.gold_block":11,"stat.pickup.lootbags.itemlootbag":85,"stat.mineBlock.toughasnails.temperature_coil":7,"stat.useItem.minecraft.dirt":187,"stat.useItem.minecraft.red_flower":4,"stat.pickup.minecraft.enchanting_table":1,"stat.pickup.minecraft.anvil":2,"stat.pickup.refinedstorage.controller":1,"stat.craftItem.minecraft.trapdoor":6,"stat.pickup.minecraft.cobblestone":284,"stat.pickup.minecraft.quartz_stairs":2,"stat.drop.harvestcraft.minerstewitem":1,"stat.useItem.rftools.charged_porter":14,"stat.mineBlock.chisel.limestone2":15,"stat.useItem.chisel.cobblestone":102,"stat.pickup.minecraft.glass_bottle":19,"stat.useItem.minecraft.red_mushroom":2,"stat.drop.minecraft.wheat_seeds":21,"stat.craftItem.toughasnails.charcoal_filter":66,"stat.useItem.minecraft.cooked_beef":3,"stat.drop.toughasnails.jelled_slime_boots":1,"stat.pickup.thermalfoundation.tool.sword_platinum":6,"stat.pickup.harvestcraft.leekitem":2,"stat.pickup.minecraft.redstone":26,"stat.craftItem.minecraft.book":19,"stat.drop.harvestcraft.mcpamitem":1,"stat.pickup.minecraft.mutton":35,"stat.pickup.rftools.matter_transmitter":1,"stat.useItem.cathedral.dwemer_light_normal":24,"stat.useItem.minecraft.lever":10,"stat.mineBlock.biomesoplenty.hard_ice":5,"stat.craftItem.rftools.powercell_card":2,"stat.pickup.minecraft.stonebrick":12,"stat.drop.minecraft.dirt":1,"stat.pickup.minecraft.iron_shovel":3,"stat.pickup.minecraft.carpet":13,"stat.pickup.thermalfoundation.armor.legs_platinum":5,"stat.craftItem.refinedstorage.core":9,"stat.mineBlock.rftools.powercell_simple":5,"stat.drop.thermalexpansion.satchel":2,"stat.mineBlock.nethermetals.nether_zirconium_ore":8,"stat.craftItem.minecraft.stone_slab2":0,"stat.craftItem.rftoolsdim.dimension_builder":1,"stat.craftItem.extrautils2.compressednetherrack":1107,"stat.pickup.minecraft.paper":2,"stat.mineBlock.biomesoplenty.log_0":15,"stat.craftItem.minecraft.stick":120,"stat.pickup.biomesoplenty.ash":34,"stat.drop.minecraft.potion":3,"stat.pickup.exnihilocreatio.item_material":3,"stat.craftItem.minecraft.gold_nugget":36,"stat.useItem.minecraft.diamond_pickaxe":1,"stat.craftItem.deepmoblearning.simulation_chamber":1,"stat.mineBlock.minecraft.quartz_block":9,"stat.craftItem.rftoolsdim.empty_dimension_tab":1,"stat.useItem.minecraft.carrot":1,"stat.useItem.thermalfoundation.tool.pickaxe_platinum":300,"stat.mineBlock.enderio.block_simple_alloy_smelter":1,"stat.drop.minecraft.golden_apple":3,"stat.useItem.extrautils2.itembuilderswand":5,"stat.mineBlock.minecraft.planks":10,"stat.useItem.bottledmilk.milk_bottle_drinkable":5,"stat.drop":122,"stat.killEntity.Sheep":13,"stat.pickup.nethermetals.nether_coal_ore":9,"stat.useItem.harvestcraft.gourmetvenisonburgeritem":1,"stat.drop.minecraft.bread":20,"stat.pickup.projecte.dm_pedestal":2,"stat.pickup.biomesoplenty.jar_empty":1,"stat.pickup.harvestcraft.garlicitem":1,"stat.craftItem.minecraft.piston":7,"stat.craftItem.refinedstorage.network_card":1,"stat.pickup.projecte.alchemical_chest":1,"stat.useItem.extrautils2.machine":3,"stat.pickup.minecraft.gravel":8,"stat.craftItem.refinedstorage.storage_part":15,"stat.useItem.minecraft.glass_bottle":100,"stat.craftItem.harvestcraft.wovencottonitem":32,"stat.craftItem.deepmoblearning.data_model_skeleton":1,"stat.useItem.minecraft.diamond_axe":12,"stat.mineBlock.minecraft.anvil":1,"stat.craftItem.thermalfoundation.tool.sword_platinum":1,"stat.pickup.rftools.dialing_device":1,"stat.useItem.thermalfoundation.tool.excavator_platinum":53,"stat.useItem.minecraft.carpet":17,"stat.useItem.minecraft.potion":31,"stat.pickup.minecraft.fence":4,"stat.mineBlock.refinedstorage.disk_drive":1,"stat.pickup.minecraft.iron_helmet":1,"stat.craftItem.rftools.charged_porter":2,"stat.craftItem.minecraft.bread":79,"stat.mineBlock.harvestcraft.shadedgarden":3,"stat.pickup.minecraft.spider_eye":9,"stat.mineBlock.nethermetals.nether_emerald_ore":1,"stat.mineBlock.minecraft.iron_bars":7,"stat.pickup.minecraft.leather":4,"stat.mineBlock.nethermetals.nether_coal_ore":9,"stat.mineBlock.minecraft.furnace":2,"stat.drop.openblocks.golden_egg":1,"stat.pickup.minecraft.reeds":261,"stat.pickup.industrialforegoing.tinydryrubber":6,"stat.pickup.minecraft.oak_stairs":1,"stat.craftItem.deepmoblearning.polymer_clay":32,"stat.craftItem.harvestcraft.doughitem":65,"stat.damageDealt":82528,"stat.pickup.nethermetals.nether_zirconium_ore":8,"stat.pickup.baubles.ring":6,"stat.pickup.projecte.item.pe_time_watch":4,"stat.killEntity.Pig":8,"stat.walkOneCm":3611469,"stat.pickup.minecraft.stick":83,"stat.craftItem.exnihilocreatio.item_material":2,"stat.pickup.minecraft.clay_ball":28,"stat.pickup.biomesoplenty.sapling_0":1487,"stat.mineBlock.thermaldynamics.duct_0":7,"stat.pickup.rftools.powercell_simple":5,"stat.pickup.refinedstorage.disk_drive":1,"stat.craftItem.harvestcraft.mortarandpestleitem":1,"stat.pickup.minecraft.stone":396,"stat.pickup.biomesoplenty.fleshchunk":6,"stat.mineBlock.minecraft.wool":4,"stat.craftItem.minecraft.redstone":72,"stat.craftItem.rftoolsdim.dimlet_workbench":1,"stat.pickup.harvestcraft.zucchiniitem":3,"stat.pickup.modernmetals.zirconium_ore":3,"stat.pickup.minecraft.gold_ingot":32,"stat.killEntity.Skeleton":133,"stat.pickup.biomesoplenty.log_0":3991,"stat.pickup.biomesoplenty.log_2":10,"stat.killEntity.Chicken":3,"stat.useItem.biomesoplenty.sapling_0":82,"stat.killEntity.Spider":16,"stat.drop.projecte.item.pe_black_hole":1,"stat.mineBlock.minecraft.quartz_ore":43,"stat.pickup.minecraft.bread":51,"stat.pickup.minecraft.quartz":43,"stat.useItem.minecraft.golden_apple":17,"stat.mineBlock.minecraft.leaves":1,"stat.useItem.chisel.cobblestone1":52,"stat.pickup.enderio.block_simple_sag_mill":2,"stat.useItem.chisel.cobblestone2":132,"stat.craftItem.minecraft.coal_block":1,"stat.pickup.rftoolsdim.dimlet_workbench":3,"stat.useItem.biomesoplenty.grass":177,"stat.mineBlock.minecraft.stone":235}