{
  "minecraft:recipes/tools/fishing_rod": {
    "criteria": {
      "has_string": "2019-08-09 19:01:40 -0700"
    },
    "done": true
  },
  "minecraft:recipes/decorations/purple_stained_glass_pane": {
    "criteria": {
      "has_glass": "2019-08-10 07:08:42 -0700"
    },
    "done": true
  },
  "minecraft:recipes/building_blocks/black_stained_glass": {
    "criteria": {
      "has_glass": "2019-08-10 07:08:42 -0700"
    },
    "done": true
  },
  "biomesoplenty:recipes/buildingblocks/redwood_planks": {
    "criteria": {
      "has_log": "2019-08-09 19:53:09 -0700"
    },
    "done": true
  },
  "minecraft:recipes/redstone/lever": {
    "criteria": {
      "has_cobblestone": "2019-08-08 10:34:21 -0700"
    },
    "done": true
  },
  "minecraft:recipes/combat/iron_sword": {
    "criteria": {
      "has_iron_ingot": "2019-08-09 20:31:44 -0700"
    },
    "done": true
  },
  "minecraft:recipes/redstone/observer": {
    "criteria": {
      "has_quartz": "2019-08-09 20:14:38 -0700"
    },
    "done": true
  },
  "refinedstorage:drives": {
    "criteria": {
      "disk_drive_in_inventory": "2019-08-21 14:23:09 -0700"
    },
    "done": true
  },
  "minecraft:recipes/building_blocks/snow": {
    "criteria": {
      "has_snowball": "2019-08-21 17:17:49 -0700"
    },
    "done": true
  },
  "minecraft:recipes/building_blocks/lime_concrete_powder": {
    "criteria": {
      "has_gravel": "2019-08-10 03:49:36 -0700"
    },
    "done": true
  },
  "minecraft:recipes/tools/iron_pickaxe": {
    "criteria": {
      "has_iron_ingot": "2019-08-09 20:31:44 -0700"
    },
    "done": true
  },
  "minecraft:recipes/building_blocks/gray_stained_glass": {
    "criteria": {
      "has_glass": "2019-08-10 07:08:42 -0700"
    },
    "done": true
  },
  "minecraft:recipes/building_blocks/yellow_concrete_powder": {
    "criteria": {
      "has_gravel": "2019-08-10 03:49:36 -0700"
    },
    "done": true
  },
  "minecraft:recipes/misc/pumpkin_seeds": {
    "criteria": {
      "has_pumpkin": "2019-08-10 09:52:19 -0700"
    },
    "done": true
  },
  "minecraft:recipes/combat/leather_helmet": {
    "criteria": {
      "has_leather": "2019-08-10 20:28:02 -0700"
    },
    "done": true
  },
  "minecraft:recipes/building_blocks/magenta_wool": {
    "criteria": {
      "has_white_wool": "2019-08-07 12:57:35 -0700"
    },
    "done": true
  },
  "minecraft:recipes/decorations/crafting_table": {
    "criteria": {
      "has_planks": "2019-08-08 10:07:58 -0700"
    },
    "done": true
  },
  "minecraft:recipes/building_blocks/purple_stained_glass": {
    "criteria": {
      "has_glass": "2019-08-10 07:08:42 -0700"
    },
    "done": true
  },
  "minecraft:recipes/decorations/ladder": {
    "criteria": {
      "has_stick": "2019-08-10 04:03:33 -0700"
    },
    "done": true
  },
  "minecraft:recipes/misc/map": {
    "criteria": {
      "has_compass": "2019-08-10 07:37:20 -0700"
    },
    "done": true
  },
  "minecraft:recipes/decorations/chest": {
    "criteria": {
      "has_lots_of_items": "2019-08-07 13:05:42 -0700"
    },
    "done": true
  },
  "minecraft:story/shiny_gear": {
    "criteria": {
      "diamond_leggings": "2019-08-10 05:32:35 -0700"
    },
    "done": true
  },
  "minecraft:recipes/combat/golden_sword": {
    "criteria": {
      "has_gold_ingot": "2019-08-10 06:53:02 -0700"
    },
    "done": true
  },
  "minecraft:recipes/decorations/magenta_stained_glass_pane": {
    "criteria": {
      "has_glass": "2019-08-10 07:08:42 -0700"
    },
    "done": true
  },
  "minecraft:recipes/tools/wooden_shovel": {
    "criteria": {
      "has_stick": "2019-08-10 04:03:33 -0700"
    },
    "done": true
  },
  "enderio:gears/g3_iron_gear": {
    "criteria": {
      "inv_changed-enderio:item_material": "2019-08-10 06:25:39 -0700"
    },
    "done": true
  },
  "refinedstorage:wireless_items": {
    "criteria": {
      "wireless_grid_in_inventory": "2019-08-22 19:50:58 -0700"
    },
    "done": true
  },
  "minecraft:recipes/tools/shears": {
    "criteria": {
      "has_iron_ingot": "2019-08-09 20:31:44 -0700"
    },
    "done": true
  },
  "minecraft:recipes/misc/stick": {
    "criteria": {
      "has_planks": "2019-08-08 10:07:58 -0700"
    },
    "done": true
  },
  "minecraft:recipes/redstone/redstone_lamp": {
    "criteria": {
      "has_glowstone": "2019-08-21 14:18:15 -0700"
    },
    "done": true
  },
  "biomesoplenty:recipes/decorations/nether_terrarium": {
    "criteria": {
      "has_jar": "2019-08-14 04:59:03 -0700"
    },
    "done": true
  },
  "biomesoplenty:recipes/transportation/boat_ethereal": {
    "criteria": {
      "entered_water": "2019-08-07 13:14:18 -0700"
    },
    "done": true
  },
  "minecraft:recipes/redstone/dispenser": {
    "criteria": {
      "has_bow": "2019-08-09 19:01:30 -0700"
    },
    "done": true
  },
  "minecraft:recipes/misc/pink_dye_from_red_bonemeal": {
    "criteria": {
      "has_red_dye": "2019-08-10 13:21:51 -0700"
    },
    "done": true
  },
  "minecraft:recipes/building_blocks/emerald_block": {
    "criteria": {
      "has_at_least_9_emerald": "2019-08-10 08:12:45 -0700"
    },
    "done": true
  },
  "biomesoplenty:recipes/misc/white_dye_from_white_anemone": {
    "criteria": {
      "has_flower": "2019-08-22 15:29:44 -0700"
    },
    "done": true
  },
  "biomesoplenty:recipes/buildingblocks/fir_planks": {
    "criteria": {
      "has_log": "2019-08-07 13:05:35 -0700"
    },
    "done": true
  },
  "minecraft:recipes/food/cake": {
    "criteria": {
      "has_egg": "2019-08-07 13:15:38 -0700"
    },
    "done": true
  },
  "minecraft:recipes/transportation/detector_rail": {
    "criteria": {
      "has_rail": "2019-08-10 06:35:02 -0700"
    },
    "done": true
  },
  "minecraft:recipes/combat/iron_leggings": {
    "criteria": {
      "has_iron_ingot": "2019-08-09 20:31:44 -0700"
    },
    "done": true
  },
  "rftools:builder": {
    "criteria": {
      "placed_builder": "2019-08-10 13:00:00 -0700"
    },
    "done": true
  },
  "minecraft:recipes/building_blocks/nether_wart_block": {
    "criteria": {
      "has_nether_wart": "2019-08-10 05:29:30 -0700"
    },
    "done": true
  },
  "minecraft:recipes/brewing/golden_carrot": {
    "criteria": {
      "has_gold_nugget": "2019-08-10 06:35:02 -0700"
    },
    "done": true
  },
  "minecraft:recipes/combat/shield": {
    "criteria": {
      "has_iron_ingot": "2019-08-09 20:31:44 -0700"
    },
    "done": true
  },
  "minecraft:recipes/building_blocks/cobblestone_slab": {
    "criteria": {
      "has_cobblestone": "2019-08-08 10:34:21 -0700"
    },
    "done": true
  },
  "enderiomachines:basics/sagmill/1_sagmill_get": {
    "criteria": {
      "inv_changed-enderio:block_simple_sag_mill": "2019-08-10 13:49:28 -0700"
    },
    "done": true
  },
  "minecraft:recipes/misc/iron_ingot_from_block": {
    "criteria": {
      "has_iron_block": "2019-08-09 19:00:09 -0700"
    },
    "done": true
  },
  "minecraft:recipes/decorations/gray_bed": {
    "criteria": {
      "has_gray_wool": "2019-08-07 12:57:35 -0700"
    },
    "done": true
  },
  "minecraft:recipes/redstone/hopper": {
    "criteria": {
      "has_iron_ingot": "2019-08-09 20:31:44 -0700"
    },
    "done": true
  },
  "minecraft:recipes/building_blocks/coarse_dirt": {
    "criteria": {
      "has_gravel": "2019-08-10 03:49:36 -0700"
    },
    "done": true
  },
  "biomesoplenty:recipes/decorations/ominous_terrarium": {
    "criteria": {
      "has_jar": "2019-08-14 04:59:03 -0700"
    },
    "done": true
  },
  "minecraft:recipes/redstone/fence_gate": {
    "criteria": {
      "has_planks": "2019-08-08 10:34:03 -0700"
    },
    "done": true
  },
  "biomesoplenty:recipes/transportation/boat_mangrove": {
    "criteria": {
      "entered_water": "2019-08-07 13:14:18 -0700"
    },
    "done": true
  },
  "minecraft:recipes/building_blocks/light_gray_concrete_powder": {
    "criteria": {
      "has_gravel": "2019-08-10 03:49:36 -0700"
    },
    "done": true
  },
  "enderioconduits:root": {
    "criteria": {
      "inv_changed-enderio:gravel": "2019-08-10 03:49:36 -0700",
      "inv_changed-enderio:clay": "2019-08-11 21:32:31 -0700",
      "inv_changed-enderio:sand": "2019-08-10 03:51:45 -0700"
    },
    "done": true
  },
  "minecraft:recipes/misc/lime_dye": {
    "criteria": {
      "has_green_dye": "2019-08-10 14:21:06 -0700"
    },
    "done": true
  },
  "minecraft:recipes/combat/leather_leggings": {
    "criteria": {
      "has_leather": "2019-08-10 20:28:02 -0700"
    },
    "done": true
  },
  "minecraft:recipes/building_blocks/pink_concrete_powder": {
    "criteria": {
      "has_gravel": "2019-08-10 03:49:36 -0700"
    },
    "done": true
  },
  "minecraft:recipes/building_blocks/yellow_stained_glass": {
    "criteria": {
      "has_glass": "2019-08-10 07:08:42 -0700"
    },
    "done": true
  },
  "minecraft:recipes/decorations/magenta_bed_from_white_bed": {
    "criteria": {
      "has_bed": "2019-08-07 13:29:19 -0700"
    },
    "done": true
  },
  "minecraft:recipes/decorations/iron_bars": {
    "criteria": {
      "has_iron_ingot": "2019-08-09 20:31:44 -0700"
    },
    "done": true
  },
  "minecraft:recipes/misc/sugar": {
    "criteria": {
      "has_reeds": "2019-08-09 19:42:16 -0700"
    },
    "done": true
  },
  "minecraft:recipes/misc/red_dye_from_rose_bush": {
    "criteria": {
      "has_double_plant": "2019-08-09 19:00:09 -0700"
    },
    "done": true
  },
  "biomesoplenty:recipes/decorations/crafting_table_from_bop_wood": {
    "criteria": {
      "has_planks": "2019-08-10 03:02:01 -0700"
    },
    "done": true
  },
  "minecraft:recipes/building_blocks/blue_wool": {
    "criteria": {
      "has_white_wool": "2019-08-07 12:57:35 -0700"
    },
    "done": true
  },
  "minecraft:recipes/building_blocks/gold_block": {
    "criteria": {
      "has_at_least_9_gold_ingot": "2019-08-10 07:15:46 -0700"
    },
    "done": true
  },
  "minecraft:story/obtain_armor": {
    "criteria": {
      "iron_chestplate": "2019-08-10 04:34:57 -0700"
    },
    "done": true
  },
  "sereneseasons:recipes/tools/season_clock": {
    "criteria": {
      "has_redstone": "2019-08-10 05:32:22 -0700"
    },
    "done": true
  },
  "minecraft:recipes/redstone/comparator": {
    "criteria": {
      "has_quartz": "2019-08-09 20:14:38 -0700"
    },
    "done": true
  },
  "rftools:specialores": {
    "criteria": {
      "find_ores": "2019-08-10 09:44:47 -0700"
    },
    "done": true
  },
  "biomesoplenty:biomesoplenty/all_biomes": {
    "criteria": {
      "shrubland": "2019-08-07 12:54:56 -0700",
      "steppe": "2019-08-07 12:43:30 -0700",
      "phantasmagoric_inferno": "2019-08-14 04:58:20 -0700",
      "cold_desert": "2019-08-10 07:46:47 -0700",
      "coniferous_forest": "2019-08-07 12:53:22 -0700",
      "visceral_heap": "2019-08-14 04:56:54 -0700",
      "seasonal_forest": "2019-08-07 12:56:48 -0700",
      "corrupted_sands": "2019-08-10 03:15:58 -0700",
      "glacier": "2019-08-09 20:01:02 -0700",
      "snowy_coniferous_forest": "2019-08-07 12:42:56 -0700",
      "undergarden": "2019-08-10 03:17:54 -0700",
      "gravel_beach": "2019-08-07 12:41:16 -0700"
    },
    "done": false
  },
  "biomesoplenty:recipes/redstone/trapdoor_from_bop_wood": {
    "criteria": {
      "has_planks": "2019-08-10 03:02:01 -0700"
    },
    "done": true
  },
  "biomesoplenty:recipes/decorations/beach_terrarium": {
    "criteria": {
      "has_jar": "2019-08-14 04:59:03 -0700"
    },
    "done": true
  },
  "minecraft:nether/return_to_sender": {
    "criteria": {
      "killed_ghast": "2019-08-09 20:16:32 -0700"
    },
    "done": true
  },
  "minecraft:recipes/brewing/cauldron": {
    "criteria": {
      "has_water_bucket": "2019-08-10 12:28:19 -0700"
    },
    "done": true
  },
  "minecraft:recipes/combat/diamond_leggings": {
    "criteria": {
      "has_diamond": "2019-08-10 05:32:22 -0700"
    },
    "done": true
  },
  "minecraft:recipes/decorations/gray_stained_glass_pane": {
    "criteria": {
      "has_glass": "2019-08-10 07:08:42 -0700"
    },
    "done": true
  },
  "minecraft:recipes/decorations/armor_stand": {
    "criteria": {
      "has_stone_slab": "2019-08-14 03:05:36 -0700"
    },
    "done": true
  },
  "minecraft:recipes/building_blocks/sandstone": {
    "criteria": {
      "has_sand": "2019-08-10 03:51:45 -0700"
    },
    "done": true
  },
  "minecraft:recipes/building_blocks/red_stained_glass": {
    "criteria": {
      "has_glass": "2019-08-10 07:08:42 -0700"
    },
    "done": true
  },
  "projecte:alchemical_bag": {
    "criteria": {
      "bag": "2019-08-07 15:39:57 -0700"
    },
    "done": true
  },
  "minecraft:recipes/building_blocks/spruce_planks": {
    "criteria": {
      "has_log": "2019-08-21 14:37:48 -0700"
    },
    "done": true
  },
  "biomesoplenty:recipes/decorations/bamboo_terrarium": {
    "criteria": {
      "has_jar": "2019-08-14 04:59:03 -0700"
    },
    "done": true
  },
  "minecraft:recipes/building_blocks/oak_stairs": {
    "criteria": {
      "has_planks": "2019-08-08 10:34:03 -0700"
    },
    "done": true
  },
  "minecraft:recipes/building_blocks/quartz_stairs": {
    "criteria": {
      "has_quartz_block": "2019-08-14 02:42:27 -0700"
    },
    "done": true
  },
  "minecraft:recipes/transportation/acacia_boat": {
    "criteria": {
      "entered_water": "2019-08-07 13:14:18 -0700"
    },
    "done": true
  },
  "minecraft:recipes/redstone/iron_trapdoor": {
    "criteria": {
      "has_iron_ingot": "2019-08-09 20:31:44 -0700"
    },
    "done": true
  },
  "biomesoplenty:recipes/transportation/boat_redwood": {
    "criteria": {
      "entered_water": "2019-08-07 13:14:18 -0700"
    },
    "done": true
  },
  "biomesoplenty:recipes/decorations/ender_terrarium": {
    "criteria": {
      "has_jar": "2019-08-14 04:59:03 -0700"
    },
    "done": true
  },
  "minecraft:adventure/root": {
    "criteria": {
      "killed_something": "2019-08-08 10:12:00 -0700"
    },
    "done": true
  },
  "minecraft:recipes/decorations/gray_bed_from_white_bed": {
    "criteria": {
      "has_bed": "2019-08-07 13:29:19 -0700"
    },
    "done": true
  },
  "minecraft:recipes/building_blocks/white_concrete_powder": {
    "criteria": {
      "has_gravel": "2019-08-10 03:49:36 -0700"
    },
    "done": true
  },
  "biomesoplenty:recipes/decorations/origin_terrarium": {
    "criteria": {
      "has_jar": "2019-08-14 04:59:03 -0700"
    },
    "done": true
  },
  "minecraft:recipes/tools/diamond_pickaxe": {
    "criteria": {
      "has_diamond": "2019-08-10 05:32:22 -0700"
    },
    "done": true
  },
  "minecraft:recipes/building_blocks/red_nether_brick": {
    "criteria": {
      "has_nether_wart": "2019-08-10 05:29:30 -0700"
    },
    "done": true
  },
  "minecraft:adventure/kill_all_mobs": {
    "criteria": {
      "zombie_pigman": "2019-08-10 08:23:28 -0700",
      "wither_skeleton": "2019-08-10 03:16:09 -0700",
      "zombie_villager": "2019-08-10 04:45:44 -0700",
      "magma_cube": "2019-08-10 13:05:48 -0700",
      "skeleton": "2019-08-09 19:01:29 -0700",
      "husk": "2019-08-14 04:31:24 -0700",
      "blaze": "2019-08-09 20:14:18 -0700",
      "zombie": "2019-08-09 19:00:32 -0700",
      "witch": "2019-08-10 09:29:49 -0700",
      "spider": "2019-08-09 19:01:40 -0700",
      "ghast": "2019-08-09 20:16:32 -0700",
      "creeper": "2019-08-10 04:33:40 -0700",
      "enderman": "2019-08-10 06:32:10 -0700"
    },
    "done": false
  },
  "minecraft:recipes/misc/ender_eye": {
    "criteria": {
      "has_blaze_powder": "2019-08-21 14:28:59 -0700"
    },
    "done": true
  },
  "minecraft:recipes/redstone/redstone_block": {
    "criteria": {
      "has_at_least_9_redstone": "2019-08-10 07:11:25 -0700"
    },
    "done": true
  },
  "advancedrocketry:normal/root": {
    "criteria": {
      "crafting_table": "2019-08-21 13:18:46 -0700"
    },
    "done": true
  },
  "minecraft:recipes/decorations/pink_bed_from_white_bed": {
    "criteria": {
      "has_bed": "2019-08-07 13:29:19 -0700"
    },
    "done": true
  },
  "minecraft:recipes/building_blocks/lime_stained_glass": {
    "criteria": {
      "has_glass": "2019-08-10 07:08:42 -0700"
    },
    "done": true
  },
  "biomesoplenty:recipes/redstone/wooden_button_from_bop_wood": {
    "criteria": {
      "has_planks": "2019-08-10 03:02:01 -0700"
    },
    "done": true
  },
  "minecraft:recipes/decorations/pink_stained_glass_pane": {
    "criteria": {
      "has_glass": "2019-08-10 07:08:42 -0700"
    },
    "done": true
  },
  "enderiomachines:basics/sagmill/a_powder_coating": {
    "criteria": {
      "inv_changed-enderio:item_material": "2019-08-10 14:37:31 -0700"
    },
    "done": true
  },
  "minecraft:recipes/misc/light_gray_dye_from_azure_bluet": {
    "criteria": {
      "has_red_flower": "2019-08-08 10:07:30 -0700"
    },
    "done": true
  },
  "biomesoplenty:recipes/food/shroom_powder": {
    "criteria": {
      "has_mushroom": "2019-08-07 16:05:35 -0700"
    },
    "done": true
  },
  "biomesoplenty:recipes/decorations/cactus_terrarium": {
    "criteria": {
      "has_jar": "2019-08-14 04:59:03 -0700"
    },
    "done": true
  },
  "minecraft:recipes/building_blocks/light_blue_stained_glass": {
    "criteria": {
      "has_glass": "2019-08-10 07:08:42 -0700"
    },
    "done": true
  },
  "minecraft:recipes/building_blocks/brick_block": {
    "criteria": {
      "has_brick": "2019-08-21 14:28:59 -0700"
    },
    "done": true
  },
  "minecraft:recipes/building_blocks/orange_concrete_powder": {
    "criteria": {
      "has_gravel": "2019-08-10 03:49:36 -0700"
    },
    "done": true
  },
  "sereneseasons:recipes/redstone/season_sensor": {
    "criteria": {
      "has_quartz": "2019-08-09 20:14:38 -0700"
    },
    "done": true
  },
  "minecraft:recipes/decorations/blue_stained_glass_pane": {
    "criteria": {
      "has_glass": "2019-08-10 07:08:42 -0700"
    },
    "done": true
  },
  "biomesoplenty:recipes/misc/blue_dye_from_bluebells": {
    "criteria": {
      "has_flower": "2019-08-07 13:05:42 -0700"
    },
    "done": true
  },
  "minecraft:recipes/misc/cyan_dye": {
    "criteria": {
      "has_lapis": "2019-08-10 06:25:33 -0700"
    },
    "done": true
  },
  "minecraft:recipes/brewing/blaze_powder": {
    "criteria": {
      "has_blaze_rod": "2019-08-10 04:12:45 -0700"
    },
    "done": true
  },
  "enderiomachines:basics/goal/1_all_simple_get": {
    "criteria": {
      "inv_changed-enderio:block_simple_sag_mill": "2019-08-10 13:49:28 -0700",
      "inv_changed-enderio:block_simple_alloy_smelter": "2019-08-10 14:28:28 -0700"
    },
    "done": false
  },
  "biomesoplenty:recipes/decorations/fern_terrarium": {
    "criteria": {
      "has_jar": "2019-08-14 04:59:03 -0700"
    },
    "done": true
  },
  "minecraft:recipes/building_blocks/black_wool": {
    "criteria": {
      "has_white_wool": "2019-08-07 12:57:35 -0700"
    },
    "done": true
  },
  "minecraft:recipes/combat/golden_chestplate": {
    "criteria": {
      "has_gold_ingot": "2019-08-10 06:53:02 -0700"
    },
    "done": true
  },
  "minecraft:recipes/misc/magenta_dye_from_lapis_red_pink": {
    "criteria": {
      "has_lapis": "2019-08-10 06:25:33 -0700"
    },
    "done": true
  },
  "minecraft:recipes/brewing/glass_bottle": {
    "criteria": {
      "has_glass": "2019-08-10 07:08:42 -0700"
    },
    "done": true
  },
  "biomesoplenty:recipes/transportation/boat_fir": {
    "criteria": {
      "entered_water": "2019-08-07 13:14:18 -0700"
    },
    "done": true
  },
  "minecraft:recipes/decorations/light_blue_stained_glass_pane": {
    "criteria": {
      "has_glass": "2019-08-10 07:08:42 -0700"
    },
    "done": true
  },
  "minecraft:recipes/misc/light_gray_dye_from_gray_bonemeal": {
    "criteria": {
      "has_bonemeal": "2019-08-14 02:46:14 -0700"
    },
    "done": true
  },
  "minecraft:recipes/misc/leather": {
    "criteria": {
      "has_rabbit_hide": "2019-08-14 04:30:58 -0700"
    },
    "done": true
  },
  "biomesoplenty:recipes/buildingblocks/flesh_block": {
    "criteria": {
      "has_item": "2019-08-14 04:58:12 -0700"
    },
    "done": true
  },
  "minecraft:recipes/decorations/light_gray_bed": {
    "criteria": {
      "has_light_gray_wool": "2019-08-07 12:57:35 -0700"
    },
    "done": true
  },
  "minecraft:recipes/building_blocks/iron_block": {
    "criteria": {
      "has_at_least_9_iron_ingot": "2019-08-09 20:31:44 -0700"
    },
    "done": true
  },
  "minecraft:recipes/building_blocks/quartz_slab": {
    "criteria": {
      "has_quartz_block": "2019-08-14 02:42:27 -0700"
    },
    "done": true
  },
  "biomesoplenty:recipes/transportation/boat_sacred_oak": {
    "criteria": {
      "entered_water": "2019-08-07 13:14:18 -0700"
    },
    "done": true
  },
  "minecraft:recipes/misc/red_dye_from_poppy": {
    "criteria": {
      "has_red_flower": "2019-08-10 09:58:52 -0700"
    },
    "done": true
  },
  "minecraft:recipes/redstone/wooden_pressure_plate": {
    "criteria": {
      "has_planks": "2019-08-08 10:07:58 -0700"
    },
    "done": true
  },
  "biomesoplenty:biomesoplenty/terrestrial_artifact": {
    "criteria": {
      "emerald": "2019-08-09 19:00:09 -0700"
    },
    "done": false
  },
  "enderio:start/1_infinity_powder_get": {
    "criteria": {
      "inv_changed-enderio:item_material": "2019-08-10 13:47:19 -0700"
    },
    "done": true
  },
  "minecraft:recipes/misc/yellow_dye_from_dandelion": {
    "criteria": {
      "has_yellow_flower": "2019-08-08 10:07:25 -0700"
    },
    "done": true
  },
  "minecraft:recipes/building_blocks/clay": {
    "criteria": {
      "has_clay_ball": "2019-08-11 21:32:31 -0700"
    },
    "done": true
  },
  "biomesoplenty:recipes/buildingblocks/coarse_loamy_dirt": {
    "criteria": {
      "has_gravel": "2019-08-10 03:49:36 -0700"
    },
    "done": true
  },
  "minecraft:recipes/building_blocks/green_stained_glass": {
    "criteria": {
      "has_glass": "2019-08-10 07:08:42 -0700"
    },
    "done": true
  },
  "biomesoplenty:recipes/redstone/wooden_pressure_plate_from_bop_wood": {
    "criteria": {
      "has_planks": "2019-08-10 03:02:01 -0700"
    },
    "done": true
  },
  "minecraft:recipes/building_blocks/light_blue_wool": {
    "criteria": {
      "has_white_wool": "2019-08-07 12:57:35 -0700"
    },
    "done": true
  },
  "minecraft:recipes/redstone/wooden_button": {
    "criteria": {
      "has_planks": "2019-08-08 10:07:58 -0700"
    },
    "done": true
  },
  "minecraft:recipes/combat/wooden_sword": {
    "criteria": {
      "has_stick": "2019-08-10 04:03:33 -0700"
    },
    "done": true
  },
  "minecraft:recipes/decorations/gray_banner": {
    "criteria": {
      "has_gray_wool": "2019-08-07 12:57:35 -0700"
    },
    "done": true
  },
  "minecraft:recipes/building_blocks/oak_planks": {
    "criteria": {
      "has_log": "2019-08-08 10:34:01 -0700"
    },
    "done": true
  },
  "minecraft:recipes/decorations/light_gray_banner": {
    "criteria": {
      "has_light_gray_wool": "2019-08-07 12:57:35 -0700"
    },
    "done": true
  },
  "biomesoplenty:recipes/transportation/boat_cherry": {
    "criteria": {
      "entered_water": "2019-08-07 13:14:18 -0700"
    },
    "done": true
  },
  "minecraft:recipes/building_blocks/gray_concrete_powder": {
    "criteria": {
      "has_gravel": "2019-08-10 03:49:36 -0700"
    },
    "done": true
  },
  "minecraft:recipes/transportation/golden_rail": {
    "criteria": {
      "has_rail": "2019-08-10 06:35:02 -0700"
    },
    "done": true
  },
  "minecraft:recipes/building_blocks/bookshelf": {
    "criteria": {
      "has_book": "2019-08-10 09:31:14 -0700"
    },
    "done": true
  },
  "minecraft:recipes/decorations/fence": {
    "criteria": {
      "has_planks": "2019-08-08 10:34:03 -0700"
    },
    "done": true
  },
  "minecraft:recipes/tools/golden_axe": {
    "criteria": {
      "has_gold_ingot": "2019-08-10 06:53:02 -0700"
    },
    "done": true
  },
  "projecte:condenser": {
    "criteria": {
      "condenser": "2019-08-22 14:34:24 -0700"
    },
    "done": true
  },
  "refinedstorage:viewing_items": {
    "criteria": {
      "grid_in_inventory": "2019-08-21 14:21:24 -0700"
    },
    "done": true
  },
  "minecraft:recipes/tools/iron_axe": {
    "criteria": {
      "has_iron_ingot": "2019-08-09 20:31:44 -0700"
    },
    "done": true
  },
  "minecraft:recipes/building_blocks/glowstone": {
    "criteria": {
      "has_glowstone_dust": "2019-08-10 08:56:29 -0700"
    },
    "done": true
  },
  "minecraft:recipes/decorations/gray_carpet": {
    "criteria": {
      "has_gray_wool": "2019-08-07 12:57:35 -0700"
    },
    "done": true
  },
  "minecraft:recipes/redstone/tripwire_hook": {
    "criteria": {
      "has_string": "2019-08-09 19:01:40 -0700"
    },
    "done": true
  },
  "minecraft:recipes/combat/iron_boots": {
    "criteria": {
      "has_iron_ingot": "2019-08-09 20:31:44 -0700"
    },
    "done": true
  },
  "minecraft:recipes/building_blocks/chiseled_quartz_block": {
    "criteria": {
      "has_quartz_block": "2019-08-14 02:42:27 -0700"
    },
    "done": true
  },
  "minecraft:recipes/building_blocks/birch_planks": {
    "criteria": {
      "has_log": "2019-08-09 19:00:08 -0700"
    },
    "done": true
  },
  "minecraft:recipes/misc/bone_meal_from_bone": {
    "criteria": {
      "has_bone": "2019-08-09 19:00:09 -0700"
    },
    "done": true
  },
  "minecraft:recipes/building_blocks/black_concrete_powder": {
    "criteria": {
      "has_gravel": "2019-08-10 03:49:36 -0700"
    },
    "done": true
  },
  "minecraft:story/iron_tools": {
    "criteria": {
      "iron_pickaxe": "2019-08-10 08:23:42 -0700"
    },
    "done": true
  },
  "biomesoplenty:recipes/transportation/boat_hellbark": {
    "criteria": {
      "entered_water": "2019-08-07 13:14:18 -0700"
    },
    "done": true
  },
  "minecraft:recipes/redstone/birch_fence_gate": {
    "criteria": {
      "has_planks": "2019-08-08 10:07:58 -0700"
    },
    "done": true
  },
  "minecraft:recipes/redstone/stone_button": {
    "criteria": {
      "has_stone": "2019-08-08 10:17:49 -0700"
    },
    "done": true
  },
  "minecraft:recipes/combat/iron_chestplate": {
    "criteria": {
      "has_iron_ingot": "2019-08-09 20:31:44 -0700"
    },
    "done": true
  },
  "minecraft:recipes/building_blocks/yellow_wool": {
    "criteria": {
      "has_white_wool": "2019-08-07 12:57:35 -0700"
    },
    "done": true
  },
  "minecraft:recipes/building_blocks/prismarine_bricks": {
    "criteria": {
      "has_prismarine_shard": "2019-08-10 08:35:29 -0700"
    },
    "done": true
  },
  "minecraft:recipes/redstone/noteblock": {
    "criteria": {
      "has_redstone": "2019-08-10 05:32:22 -0700"
    },
    "done": true
  },
  "minecraft:recipes/decorations/light_blue_bed_from_white_bed": {
    "criteria": {
      "has_bed": "2019-08-07 13:29:19 -0700"
    },
    "done": true
  },
  "minecraft:recipes/building_blocks/red_concrete_powder": {
    "criteria": {
      "has_gravel": "2019-08-10 03:49:36 -0700"
    },
    "done": true
  },
  "minecraft:adventure/kill_a_mob": {
    "criteria": {
      "zombie": "2019-08-09 19:00:32 -0700"
    },
    "done": true
  },
  "biomesoplenty:recipes/buildingblocks/coarse_sandy_dirt": {
    "criteria": {
      "has_gravel": "2019-08-10 03:49:36 -0700"
    },
    "done": true
  },
  "minecraft:recipes/tools/golden_pickaxe": {
    "criteria": {
      "has_gold_ingot": "2019-08-10 06:53:02 -0700"
    },
    "done": true
  },
  "minecraft:recipes/redstone/sticky_piston": {
    "criteria": {
      "has_slime_ball": "2019-08-21 14:10:06 -0700"
    },
    "done": true
  },
  "minecraft:recipes/brewing/magma_cream": {
    "criteria": {
      "has_blaze_powder": "2019-08-21 14:28:59 -0700"
    },
    "done": true
  },
  "minecraft:recipes/misc/gray_dye": {
    "criteria": {
      "has_black_dye": "2019-08-10 08:17:53 -0700"
    },
    "done": true
  },
  "minecraft:adventure/adventuring_time": {
    "criteria": {
      "ice_flats": "2019-08-07 12:53:07 -0700",
      "frozen_river": "2019-08-07 13:01:25 -0700",
      "birch_forest": "2019-08-09 19:50:19 -0700",
      "deep_ocean": "2019-08-10 10:14:33 -0700",
      "beaches": "2019-08-10 07:50:09 -0700",
      "extreme_hills_with_trees": "2019-08-22 15:05:34 -0700",
      "desert_hills": "2019-08-10 07:50:38 -0700",
      "savanna": "2019-08-09 19:56:34 -0700",
      "plains": "2019-08-10 09:04:18 -0700",
      "taiga": "2019-08-07 12:37:38 -0700",
      "taiga_hills": "2019-08-07 12:41:47 -0700",
      "taiga_cold": "2019-08-07 12:58:41 -0700",
      "ocean": "2019-08-07 12:41:58 -0700",
      "extreme_hills": "2019-08-22 15:04:20 -0700",
      "cold_beach": "2019-08-07 12:42:13 -0700",
      "river": "2019-08-07 12:42:48 -0700",
      "desert": "2019-08-07 12:43:48 -0700"
    },
    "done": false
  },
  "minecraft:recipes/decorations/purple_bed_from_white_bed": {
    "criteria": {
      "has_bed": "2019-08-07 13:29:19 -0700"
    },
    "done": true
  },
  "minecraft:recipes/building_blocks/birch_wooden_slab": {
    "criteria": {
      "has_planks": "2019-08-08 10:07:58 -0700"
    },
    "done": true
  },
  "minecraft:recipes/misc/book": {
    "criteria": {
      "has_paper": "2019-08-09 20:10:47 -0700"
    },
    "done": true
  },
  "minecraft:recipes/decorations/light_gray_carpet": {
    "criteria": {
      "has_light_gray_wool": "2019-08-07 12:57:35 -0700"
    },
    "done": true
  },
  "minecraft:recipes/combat/stone_sword": {
    "criteria": {
      "has_cobblestone": "2019-08-08 10:34:21 -0700"
    },
    "done": true
  },
  "refinedstorage:destruction": {
    "criteria": {
      "destructor_in_inventory": "2019-08-22 20:04:30 -0700"
    },
    "done": true
  },
  "minecraft:recipes/decorations/cobblestone_wall": {
    "criteria": {
      "has_cobblestone": "2019-08-08 10:34:21 -0700"
    },
    "done": true
  },
  "minecraft:recipes/brewing/fermented_spider_eye": {
    "criteria": {
      "has_spider_eye": "2019-08-09 19:01:40 -0700"
    },
    "done": true
  },
  "minecraft:recipes/tools/stone_pickaxe": {
    "criteria": {
      "has_cobblestone": "2019-08-08 10:34:21 -0700"
    },
    "done": true
  },
  "enderiomachines:basics/alloy/machine_chassis_get": {
    "criteria": {
      "inv_changed-enderio:block_machine_chassis": "2019-08-10 14:38:24 -0700"
    },
    "done": true
  },
  "minecraft:recipes/redstone/stone_pressure_plate": {
    "criteria": {
      "has_stone": "2019-08-08 10:17:49 -0700"
    },
    "done": true
  },
  "minecraft:husbandry/plant_seed": {
    "criteria": {
      "beetroots": "2019-08-09 19:38:46 -0700"
    },
    "done": true
  },
  "minecraft:recipes/building_blocks/brown_stained_glass": {
    "criteria": {
      "has_glass": "2019-08-10 07:08:42 -0700"
    },
    "done": true
  },
  "minecraft:recipes/transportation/boat": {
    "criteria": {
      "entered_water": "2019-08-07 13:14:18 -0700"
    },
    "done": true
  },
  "minecraft:recipes/misc/purple_dye": {
    "criteria": {
      "has_lapis": "2019-08-10 06:25:33 -0700"
    },
    "done": true
  },
  "minecraft:recipes/combat/leather_boots": {
    "criteria": {
      "has_leather": "2019-08-10 20:28:02 -0700"
    },
    "done": true
  },
  "minecraft:recipes/building_blocks/light_gray_stained_glass": {
    "criteria": {
      "has_glass": "2019-08-10 07:08:42 -0700"
    },
    "done": true
  },
  "minecraft:recipes/building_blocks/diamond_block": {
    "criteria": {
      "has_at_least_9_diamond": "2019-08-21 14:10:45 -0700"
    },
    "done": true
  },
  "minecraft:recipes/decorations/red_stained_glass_pane": {
    "criteria": {
      "has_glass": "2019-08-10 07:08:42 -0700"
    },
    "done": true
  },
  "minecraft:recipes/decorations/flower_pot": {
    "criteria": {
      "has_brick": "2019-08-21 14:28:59 -0700"
    },
    "done": true
  },
  "minecraft:recipes/building_blocks/lapis_block": {
    "criteria": {
      "has_at_least_9_lapis": "2019-08-10 08:11:25 -0700"
    },
    "done": true
  },
  "biomesoplenty:recipes/misc/sand_from_dried_sand": {
    "criteria": {
      "has_gem_block": "2019-08-10 12:28:19 -0700"
    },
    "done": true
  },
  "biomesoplenty:recipes/misc/brown_dye_from_flat_mushroom": {
    "criteria": {
      "has_flower": "2019-08-07 16:04:30 -0700"
    },
    "done": true
  },
  "refinedstorage:no_cables_required": {
    "criteria": {
      "network_transmitter_receiver_card_in_inventory": "2019-08-21 16:13:12 -0700"
    },
    "done": true
  },
  "biomesoplenty:recipes/misc/mud_from_dirt": {
    "criteria": {
      "has_gem_block": "2019-08-10 12:28:19 -0700"
    },
    "done": true
  },
  "refinedstorage:wireless": {
    "criteria": {
      "wireless_transmitter_in_inventory": "2019-08-08 10:06:59 -0700"
    },
    "done": true
  },
  "minecraft:recipes/building_blocks/prismarine": {
    "criteria": {
      "has_prismarine_shard": "2019-08-10 08:35:29 -0700"
    },
    "done": true
  },
  "rftools:alltheitems": {
    "criteria": {
      "placed_storage": "2019-08-14 02:32:08 -0700"
    },
    "done": true
  },
  "minecraft:recipes/building_blocks/polished_diorite": {
    "criteria": {
      "has_stone": "2019-08-08 10:52:50 -0700"
    },
    "done": true
  },
  "minecraft:recipes/building_blocks/light_gray_wool": {
    "criteria": {
      "has_white_wool": "2019-08-07 12:57:35 -0700"
    },
    "done": true
  },
  "minecraft:recipes/decorations/red_bed_from_white_bed": {
    "criteria": {
      "has_bed": "2019-08-07 13:29:19 -0700"
    },
    "done": true
  },
  "minecraft:recipes/building_blocks/red_wool": {
    "criteria": {
      "has_white_wool": "2019-08-07 12:57:35 -0700"
    },
    "done": true
  },
  "minecraft:recipes/misc/light_gray_dye_from_oxeye_daisy": {
    "criteria": {
      "has_red_flower": "2019-08-08 10:07:31 -0700"
    },
    "done": true
  },
  "minecraft:recipes/misc/orange_dye_from_red_yellow": {
    "criteria": {
      "has_red_dye": "2019-08-10 13:21:51 -0700"
    },
    "done": true
  },
  "minecraft:recipes/tools/stone_axe": {
    "criteria": {
      "has_cobblestone": "2019-08-08 10:34:21 -0700"
    },
    "done": true
  },
  "minecraft:recipes/misc/fire_charge": {
    "criteria": {
      "has_blaze_powder": "2019-08-21 14:28:59 -0700"
    },
    "done": true
  },
  "minecraft:recipes/decorations/slime": {
    "criteria": {
      "has_at_least_9_slime_ball": "2019-08-21 16:37:45 -0700"
    },
    "done": true
  },
  "minecraft:recipes/building_blocks/purple_wool": {
    "criteria": {
      "has_white_wool": "2019-08-07 12:57:35 -0700"
    },
    "done": true
  },
  "minecraft:recipes/food/rabbit_stew_from_brown_mushroom": {
    "criteria": {
      "has_cooked_rabbit": "2019-08-07 12:37:38 -0700"
    },
    "done": true
  },
  "minecraft:recipes/building_blocks/magenta_concrete_powder": {
    "criteria": {
      "has_gravel": "2019-08-10 03:49:36 -0700"
    },
    "done": true
  },
  "biomesoplenty:recipes/buildingblocks/coarse_silty_dirt": {
    "criteria": {
      "has_gravel": "2019-08-10 03:49:36 -0700"
    },
    "done": true
  },
  "minecraft:recipes/building_blocks/pillar_quartz_block": {
    "criteria": {
      "has_quartz_block": "2019-08-14 02:42:27 -0700"
    },
    "done": true
  },
  "minecraft:recipes/misc/writable_book": {
    "criteria": {
      "has_book": "2019-08-10 09:31:14 -0700"
    },
    "done": true
  },
  "minecraft:recipes/building_blocks/oak_wooden_slab": {
    "criteria": {
      "has_planks": "2019-08-08 10:34:03 -0700"
    },
    "done": true
  },
  "minecraft:recipes/decorations/white_bed": {
    "criteria": {
      "has_white_wool": "2019-08-07 12:57:35 -0700"
    },
    "done": true
  },
  "minecraft:nether/root": {
    "criteria": {
      "entered_nether": "2019-08-09 19:08:05 -0700"
    },
    "done": true
  },
  "biomesoplenty:recipes/decorations/sign_from_bop_wood": {
    "criteria": {
      "has_planks": "2019-08-10 03:02:01 -0700"
    },
    "done": true
  },
  "minecraft:recipes/food/rabbit_stew_from_red_mushroom": {
    "criteria": {
      "has_cooked_rabbit": "2019-08-07 12:37:38 -0700"
    },
    "done": true
  },
  "minecraft:recipes/building_blocks/dark_prismarine": {
    "criteria": {
      "has_prismarine_shard": "2019-08-10 08:35:29 -0700"
    },
    "done": true
  },
  "minecraft:recipes/redstone/redstone": {
    "criteria": {
      "has_redstone_block": "2019-08-09 19:00:11 -0700"
    },
    "done": true
  },
  "minecraft:recipes/tools/golden_hoe": {
    "criteria": {
      "has_gold_ingot": "2019-08-10 06:53:02 -0700"
    },
    "done": true
  },
  "minecraft:recipes/food/bread": {
    "criteria": {
      "has_wheat": "2019-08-09 19:39:33 -0700"
    },
    "done": true
  },
  "minecraft:recipes/redstone/trapdoor": {
    "criteria": {
      "has_planks": "2019-08-08 10:07:58 -0700"
    },
    "done": true
  },
  "refinedstorage:binding": {
    "criteria": {
      "cutting_tool_in_inventory": "2019-08-21 14:11:31 -0700"
    },
    "done": true
  },
  "minecraft:recipes/decorations/lime_stained_glass_pane": {
    "criteria": {
      "has_glass": "2019-08-10 07:08:42 -0700"
    },
    "done": true
  },
  "minecraft:recipes/misc/iron_nugget": {
    "criteria": {
      "has_iron_ingot": "2019-08-09 20:31:44 -0700"
    },
    "done": true
  },
  "minecraft:recipes/building_blocks/brown_concrete_powder": {
    "criteria": {
      "has_gravel": "2019-08-10 03:49:36 -0700"
    },
    "done": true
  },
  "minecraft:recipes/decorations/black_bed_from_white_bed": {
    "criteria": {
      "has_bed": "2019-08-07 13:29:19 -0700"
    },
    "done": true
  },
  "minecraft:recipes/combat/diamond_sword": {
    "criteria": {
      "has_diamond": "2019-08-10 05:32:22 -0700"
    },
    "done": true
  },
  "minecraft:recipes/decorations/cyan_stained_glass_pane": {
    "criteria": {
      "has_glass": "2019-08-10 07:08:42 -0700"
    },
    "done": true
  },
  "enderiomachines:basics/alloy/1_alloy_smelter_get": {
    "criteria": {
      "inv_changed-enderio:block_simple_alloy_smelter": "2019-08-10 14:28:28 -0700"
    },
    "done": true
  },
  "minecraft:recipes/building_blocks/blue_stained_glass": {
    "criteria": {
      "has_glass": "2019-08-10 07:08:42 -0700"
    },
    "done": true
  },
  "minecraft:recipes/building_blocks/cyan_wool": {
    "criteria": {
      "has_white_wool": "2019-08-07 12:57:35 -0700"
    },
    "done": true
  },
  "minecraft:recipes/decorations/sign": {
    "criteria": {
      "has_planks": "2019-08-08 10:07:58 -0700"
    },
    "done": true
  },
  "minecraft:recipes/transportation/spruce_boat": {
    "criteria": {
      "entered_water": "2019-08-07 13:14:18 -0700"
    },
    "done": true
  },
  "minecraft:recipes/decorations/jukebox": {
    "criteria": {
      "has_diamond": "2019-08-10 05:32:22 -0700"
    },
    "done": true
  },
  "minecraft:recipes/building_blocks/diorite": {
    "criteria": {
      "has_quartz": "2019-08-09 20:14:38 -0700"
    },
    "done": true
  },
  "minecraft:recipes/tools/flint_and_steel": {
    "criteria": {
      "has_obsidian": "2019-08-09 19:02:59 -0700"
    },
    "done": true
  },
  "minecraft:recipes/misc/red_dye_from_beetroot": {
    "criteria": {
      "has_beetroot": "2019-08-09 19:38:41 -0700"
    },
    "done": true
  },
  "refinedstorage:upgrading": {
    "criteria": {
      "upgrade_in_inventory": "2019-08-21 16:43:13 -0700"
    },
    "done": true
  },
  "minecraft:recipes/food/mushroom_stew": {
    "criteria": {
      "has_bowl": "2019-08-07 12:37:38 -0700"
    },
    "done": true
  },
  "minecraft:recipes/building_blocks/gray_wool": {
    "criteria": {
      "has_white_wool": "2019-08-07 12:57:35 -0700"
    },
    "done": true
  },
  "minecraft:recipes/misc/gold_nugget": {
    "criteria": {
      "has_gold_ingot": "2019-08-10 06:53:02 -0700"
    },
    "done": true
  },
  "minecraft:husbandry/balanced_diet": {
    "criteria": {
      "cooked_mutton": "2019-08-10 03:41:42 -0700",
      "cooked_beef": "2019-08-10 13:14:45 -0700",
      "bread": "2019-08-09 19:11:44 -0700",
      "golden_apple": "2019-08-09 18:58:17 -0700",
      "rotten_flesh": "2019-08-14 03:33:50 -0700",
      "enchanted_golden_apple": "2019-08-11 21:18:04 -0700",
      "carrot": "2019-08-14 03:19:15 -0700"
    },
    "done": false
  },
  "minecraft:recipes/tools/wooden_hoe": {
    "criteria": {
      "has_stick": "2019-08-10 04:03:33 -0700"
    },
    "done": true
  },
  "minecraft:recipes/misc/bucket": {
    "criteria": {
      "has_iron_ingot": "2019-08-09 20:31:44 -0700"
    },
    "done": true
  },
  "minecraft:recipes/decorations/yellow_bed_from_white_bed": {
    "criteria": {
      "has_bed": "2019-08-07 13:29:19 -0700"
    },
    "done": true
  },
  "biomesoplenty:recipes/decorations/fir_fence": {
    "criteria": {
      "has_planks": "2019-08-10 03:02:01 -0700"
    },
    "done": true
  },
  "minecraft:recipes/decorations/orange_stained_glass_pane": {
    "criteria": {
      "has_glass": "2019-08-10 07:08:42 -0700"
    },
    "done": true
  },
  "enderiomachines:basics/sagmill/9_white": {
    "criteria": {
      "inv_changed-enderio:item_material": "2019-08-10 14:35:41 -0700"
    },
    "done": true
  },
  "minecraft:recipes/decorations/white_banner": {
    "criteria": {
      "has_white_wool": "2019-08-07 12:57:35 -0700"
    },
    "done": true
  },
  "minecraft:recipes/building_blocks/light_blue_concrete_powder": {
    "criteria": {
      "has_gravel": "2019-08-10 03:49:36 -0700"
    },
    "done": true
  },
  "biomesoplenty:recipes/transportation/boat_eucalyptus": {
    "criteria": {
      "entered_water": "2019-08-07 13:14:18 -0700"
    },
    "done": true
  },
  "refinedstorage:storing_items": {
    "criteria": {
      "storage_disk_in_inventory": "2019-08-21 14:25:11 -0700"
    },
    "done": true
  },
  "minecraft:recipes/building_blocks/hay_block": {
    "criteria": {
      "has_at_least_9_wheat": "2019-08-09 19:40:02 -0700"
    },
    "done": true
  },
  "minecraft:recipes/combat/iron_helmet": {
    "criteria": {
      "has_iron_ingot": "2019-08-09 20:31:44 -0700"
    },
    "done": true
  },
  "minecraft:recipes/tools/golden_shovel": {
    "criteria": {
      "has_gold_ingot": "2019-08-10 06:53:02 -0700"
    },
    "done": true
  },
  "minecraft:recipes/combat/bow": {
    "criteria": {
      "has_string": "2019-08-09 19:01:40 -0700"
    },
    "done": true
  },
  "sereneseasons:recipes/buildingblocks/greenhouse_glass": {
    "criteria": {
      "has_glass": "2019-08-10 07:08:42 -0700"
    },
    "done": true
  },
  "minecraft:nether/get_wither_skull": {
    "criteria": {
      "wither_skull": "2019-08-10 03:16:32 -0700"
    },
    "done": true
  },
  "minecraft:recipes/redstone/tnt": {
    "criteria": {
      "has_gunpowder": "2019-08-10 04:45:59 -0700"
    },
    "done": true
  },
  "minecraft:recipes/decorations/black_stained_glass_pane": {
    "criteria": {
      "has_glass": "2019-08-10 07:08:42 -0700"
    },
    "done": true
  },
  "minecraft:recipes/building_blocks/granite": {
    "criteria": {
      "has_quartz": "2019-08-09 20:14:38 -0700"
    },
    "done": true
  },
  "minecraft:recipes/building_blocks/purple_concrete_powder": {
    "criteria": {
      "has_gravel": "2019-08-10 03:49:36 -0700"
    },
    "done": true
  },
  "minecraft:recipes/decorations/orange_bed_from_white_bed": {
    "criteria": {
      "has_bed": "2019-08-07 13:29:19 -0700"
    },
    "done": true
  },
  "refinedstorage:root": {
    "criteria": {
      "controller_in_inventory": "2019-08-21 14:12:11 -0700"
    },
    "done": true
  },
  "minecraft:recipes/combat/diamond_chestplate": {
    "criteria": {
      "has_diamond": "2019-08-10 05:32:22 -0700"
    },
    "done": true
  },
  "advancedrocketry:normal/holographic": {
    "criteria": {
      "warp": "2019-08-21 15:00:11 -0700"
    },
    "done": true
  },
  "minecraft:story/mine_stone": {
    "criteria": {
      "get_stone": "2019-08-08 10:34:21 -0700"
    },
    "done": true
  },
  "minecraft:recipes/decorations/furnace": {
    "criteria": {
      "has_cobblestone": "2019-08-08 10:34:21 -0700"
    },
    "done": true
  },
  "minecraft:recipes/transportation/minecart": {
    "criteria": {
      "has_iron_ingot": "2019-08-09 20:31:44 -0700"
    },
    "done": true
  },
  "biomesoplenty:recipes/decorations/mushroom_terrarium": {
    "criteria": {
      "has_jar": "2019-08-14 04:59:03 -0700"
    },
    "done": true
  },
  "minecraft:recipes/food/beetroot_soup": {
    "criteria": {
      "has_beetroot": "2019-08-09 19:38:41 -0700"
    },
    "done": true
  },
  "projecte:red_matter_pickaxe": {
    "criteria": {
      "rm_pick": "2019-08-07 13:07:32 -0700"
    },
    "done": true
  },
  "minecraft:recipes/building_blocks/orange_wool": {
    "criteria": {
      "has_white_wool": "2019-08-07 12:57:35 -0700"
    },
    "done": true
  },
  "minecraft:recipes/decorations/green_stained_glass_pane": {
    "criteria": {
      "has_glass": "2019-08-10 07:08:42 -0700"
    },
    "done": true
  },
  "minecraft:recipes/tools/iron_hoe": {
    "criteria": {
      "has_iron_ingot": "2019-08-09 20:31:44 -0700"
    },
    "done": true
  },
  "minecraft:recipes/tools/wooden_pickaxe": {
    "criteria": {
      "has_stick": "2019-08-10 04:03:33 -0700"
    },
    "done": true
  },
  "minecraft:husbandry/root": {
    "criteria": {
      "consumed_item": "2019-08-09 18:58:17 -0700"
    },
    "done": true
  },
  "minecraft:recipes/redstone/redstone_torch": {
    "criteria": {
      "has_redstone": "2019-08-10 05:32:22 -0700"
    },
    "done": true
  },
  "minecraft:recipes/building_blocks/stone_brick_slab": {
    "criteria": {
      "has_stonebrick": "2019-08-10 10:16:21 -0700"
    },
    "done": true
  },
  "minecraft:recipes/transportation/birch_boat": {
    "criteria": {
      "entered_water": "2019-08-07 13:14:18 -0700"
    },
    "done": true
  },
  "minecraft:recipes/food/golden_apple": {
    "criteria": {
      "has_gold_ingot": "2019-08-10 06:53:02 -0700"
    },
    "done": true
  },
  "biomesoplenty:recipes/decorations/wasteland_terrarium": {
    "criteria": {
      "has_jar": "2019-08-14 04:59:03 -0700"
    },
    "done": true
  },
  "minecraft:recipes/decorations/enchanting_table": {
    "criteria": {
      "has_obsidian": "2019-08-09 19:02:59 -0700"
    },
    "done": true
  },
  "minecraft:recipes/building_blocks/green_concrete_powder": {
    "criteria": {
      "has_gravel": "2019-08-10 03:49:36 -0700"
    },
    "done": true
  },
  "minecraft:recipes/misc/light_gray_dye_from_ink_bonemeal": {
    "criteria": {
      "has_black_dye": "2019-08-10 08:17:53 -0700"
    },
    "done": true
  },
  "enderiomachines:basics/sagmill/7_black": {
    "criteria": {
      "inv_changed-enderio:item_material": "2019-08-10 14:29:13 -0700"
    },
    "done": true
  },
  "minecraft:recipes/tools/iron_shovel": {
    "criteria": {
      "has_iron_ingot": "2019-08-09 20:31:44 -0700"
    },
    "done": true
  },
  "refinedstorage:upgrading_your_grid": {
    "criteria": {
      "crafting_grid_in_inventory": "2019-08-21 14:26:58 -0700"
    },
    "done": true
  },
  "minecraft:recipes/building_blocks/orange_stained_glass": {
    "criteria": {
      "has_glass": "2019-08-10 07:08:42 -0700"
    },
    "done": true
  },
  "minecraft:recipes/decorations/cyan_bed_from_white_bed": {
    "criteria": {
      "has_bed": "2019-08-07 13:29:19 -0700"
    },
    "done": true
  },
  "biomesoplenty:recipes/decorations/flower_terrarium": {
    "criteria": {
      "has_jar": "2019-08-14 04:59:03 -0700"
    },
    "done": true
  },
  "enderio:gears/g1_wooden_gear": {
    "criteria": {
      "inv_changed-enderio:item_material": "2019-08-10 09:21:25 -0700"
    },
    "done": true
  },
  "minecraft:recipes/misc/bowl": {
    "criteria": {
      "has_red_mushroom": "2019-08-07 12:37:38 -0700"
    },
    "done": true
  },
  "biomesoplenty:recipes/decorations/mystic_terrarium": {
    "criteria": {
      "has_jar": "2019-08-14 04:59:03 -0700"
    },
    "done": true
  },
  "minecraft:recipes/decorations/item_frame": {
    "criteria": {
      "has_leather": "2019-08-10 20:28:02 -0700"
    },
    "done": true
  },
  "minecraft:recipes/decorations/lime_bed_from_white_bed": {
    "criteria": {
      "has_bed": "2019-08-07 13:29:19 -0700"
    },
    "done": true
  },
  "minecraft:recipes/tools/stone_hoe": {
    "criteria": {
      "has_cobblestone": "2019-08-08 10:34:21 -0700"
    },
    "done": true
  },
  "minecraft:recipes/tools/clock": {
    "criteria": {
      "has_redstone": "2019-08-10 05:32:22 -0700"
    },
    "done": true
  },
  "minecraft:recipes/tools/diamond_hoe": {
    "criteria": {
      "has_diamond": "2019-08-10 05:32:22 -0700"
    },
    "done": true
  },
  "biomesoplenty:recipes/transportation/boat_umbran": {
    "criteria": {
      "entered_water": "2019-08-07 13:14:18 -0700"
    },
    "done": true
  },
  "minecraft:recipes/transportation/activator_rail": {
    "criteria": {
      "has_rail": "2019-08-10 06:35:02 -0700"
    },
    "done": true
  },
  "minecraft:recipes/combat/spectral_arrow": {
    "criteria": {
      "has_glowstone_dust": "2019-08-10 08:56:29 -0700"
    },
    "done": true
  },
  "minecraft:recipes/decorations/white_stained_glass_pane": {
    "criteria": {
      "has_glass": "2019-08-10 07:08:42 -0700"
    },
    "done": true
  },
  "minecraft:recipes/tools/diamond_shovel": {
    "criteria": {
      "has_diamond": "2019-08-10 05:32:22 -0700"
    },
    "done": true
  },
  "biomesoplenty:recipes/decorations/koru_terrarium": {
    "criteria": {
      "has_jar": "2019-08-14 04:59:03 -0700"
    },
    "done": true
  },
  "minecraft:story/enter_the_nether": {
    "criteria": {
      "entered_nether": "2019-08-09 19:08:05 -0700"
    },
    "done": true
  },
  "minecraft:recipes/decorations/green_bed_from_white_bed": {
    "criteria": {
      "has_bed": "2019-08-07 13:29:19 -0700"
    },
    "done": true
  },
  "minecraft:recipes/decorations/white_carpet": {
    "criteria": {
      "has_white_wool": "2019-08-07 12:57:35 -0700"
    },
    "done": true
  },
  "minecraft:recipes/redstone/birch_door": {
    "criteria": {
      "has_planks": "2019-08-08 10:07:58 -0700"
    },
    "done": true
  },
  "minecraft:recipes/decorations/glass_pane": {
    "criteria": {
      "has_glass": "2019-08-10 07:08:42 -0700"
    },
    "done": true
  },
  "refinedstorage:manipulating_disks": {
    "criteria": {
      "disk_manipulator_in_inventory": "2019-08-22 19:39:07 -0700"
    },
    "done": true
  },
  "enderiomachines:basics/sagmill/6_coal": {
    "criteria": {
      "inv_changed-enderio:item_material": "2019-08-10 06:21:00 -0700"
    },
    "done": true
  },
  "biomesoplenty:recipes/transportation/boat_magic": {
    "criteria": {
      "entered_water": "2019-08-07 13:14:18 -0700"
    },
    "done": true
  },
  "minecraft:recipes/misc/gold_ingot_from_nuggets": {
    "criteria": {
      "has_at_least_9_gold_nugget": "2019-08-10 08:12:45 -0700"
    },
    "done": true
  },
  "minecraft:recipes/building_blocks/magenta_stained_glass": {
    "criteria": {
      "has_glass": "2019-08-10 07:08:42 -0700"
    },
    "done": true
  },
  "minecraft:story/mine_diamond": {
    "criteria": {
      "diamond": "2019-08-10 05:32:22 -0700"
    },
    "done": true
  },
  "minecraft:recipes/combat/diamond_helmet": {
    "criteria": {
      "has_diamond": "2019-08-10 05:32:22 -0700"
    },
    "done": true
  },
  "biomesoplenty:recipes/transportation/boat_palm": {
    "criteria": {
      "entered_water": "2019-08-07 13:14:18 -0700"
    },
    "done": true
  },
  "minecraft:recipes/decorations/anvil": {
    "criteria": {
      "has_iron_block": "2019-08-09 19:00:09 -0700"
    },
    "done": true
  },
  "minecraft:recipes/decorations/blue_bed_from_white_bed": {
    "criteria": {
      "has_bed": "2019-08-07 13:29:19 -0700"
    },
    "done": true
  },
  "minecraft:recipes/decorations/birch_fence": {
    "criteria": {
      "has_planks": "2019-08-08 10:07:58 -0700"
    },
    "done": true
  },
  "minecraft:recipes/building_blocks/cyan_concrete_powder": {
    "criteria": {
      "has_gravel": "2019-08-10 03:49:36 -0700"
    },
    "done": true
  },
  "minecraft:recipes/misc/gold_ingot_from_block": {
    "criteria": {
      "has_gold_block": "2019-08-22 14:43:18 -0700"
    },
    "done": true
  },
  "minecraft:recipes/building_blocks/stone_brick_stairs": {
    "criteria": {
      "has_stonebrick": "2019-08-10 10:16:21 -0700"
    },
    "done": true
  },
  "minecraft:recipes/combat/golden_boots": {
    "criteria": {
      "has_gold_ingot": "2019-08-10 06:53:02 -0700"
    },
    "done": true
  },
  "minecraft:recipes/tools/wooden_axe": {
    "criteria": {
      "has_stick": "2019-08-10 04:03:33 -0700"
    },
    "done": true
  },
  "minecraft:recipes/building_blocks/lime_wool": {
    "criteria": {
      "has_white_wool": "2019-08-07 12:57:35 -0700"
    },
    "done": true
  },
  "minecraft:recipes/misc/paper": {
    "criteria": {
      "has_reeds": "2019-08-09 19:42:16 -0700"
    },
    "done": true
  },
  "minecraft:recipes/misc/magenta_dye_from_lapis_ink_bonemeal": {
    "criteria": {
      "has_lapis": "2019-08-10 06:25:33 -0700"
    },
    "done": true
  },
  "minecraft:recipes/building_blocks/green_wool": {
    "criteria": {
      "has_white_wool": "2019-08-07 12:57:35 -0700"
    },
    "done": true
  },
  "minecraft:recipes/misc/light_blue_dye_from_lapis_bonemeal": {
    "criteria": {
      "has_lapis": "2019-08-10 06:25:33 -0700"
    },
    "done": true
  },
  "biomesoplenty:biomesoplenty/flesh_and_blood": {
    "criteria": {
      "flesh": "2019-08-14 04:58:12 -0700"
    },
    "done": true
  },
  "minecraft:recipes/tools/diamond_axe": {
    "criteria": {
      "has_diamond": "2019-08-10 05:32:22 -0700"
    },
    "done": true
  },
  "minecraft:recipes/building_blocks/brown_wool": {
    "criteria": {
      "has_white_wool": "2019-08-07 12:57:35 -0700"
    },
    "done": true
  },
  "minecraft:nether/find_fortress": {
    "criteria": {
      "fortress": "2019-08-10 03:16:10 -0700"
    },
    "done": true
  },
  "projecte:root": {
    "criteria": {
      "philstone_recipe": "2019-08-21 14:18:18 -0700"
    },
    "done": true
  },
  "minecraft:recipes/decorations/painting": {
    "criteria": {
      "has_wool": "2019-08-07 12:57:35 -0700"
    },
    "done": true
  },
  "projecte:alchemical_chest": {
    "criteria": {
      "alch_chest": "2019-08-11 20:14:49 -0700"
    },
    "done": true
  },
  "minecraft:recipes/building_blocks/white_stained_glass": {
    "criteria": {
      "has_glass": "2019-08-10 07:08:42 -0700"
    },
    "done": true
  },
  "biomesoplenty:recipes/transportation/boat_pine": {
    "criteria": {
      "entered_water": "2019-08-07 13:14:18 -0700"
    },
    "done": true
  },
  "biomesoplenty:recipes/decorations/glowshroom_terrarium": {
    "criteria": {
      "has_jar": "2019-08-14 04:59:03 -0700"
    },
    "done": true
  },
  "biomesoplenty:recipes/buildingblocks/ash_block": {
    "criteria": {
      "has_item": "2019-08-14 05:00:24 -0700"
    },
    "done": true
  },
  "minecraft:recipes/combat/arrow": {
    "criteria": {
      "has_feather": "2019-08-07 13:15:38 -0700"
    },
    "done": true
  },
  "minecraft:recipes/building_blocks/stone_slab": {
    "criteria": {
      "has_stone": "2019-08-08 10:17:49 -0700"
    },
    "done": true
  },
  "minecraft:recipes/building_blocks/coal_block": {
    "criteria": {
      "has_at_least_9_coal": "2019-08-08 11:01:33 -0700"
    },
    "done": true
  },
  "enderiomachines:root": {
    "criteria": {
      "inv_changed-enderio:block_machine_chassis_root": "2019-08-10 14:38:24 -0700"
    },
    "done": true
  },
  "minecraft:recipes/redstone/light_weighted_pressure_plate": {
    "criteria": {
      "has_gold_ingot": "2019-08-10 06:53:02 -0700"
    },
    "done": true
  },
  "minecraft:recipes/decorations/snow_layer": {
    "criteria": {
      "has_snowball": "2019-08-21 17:17:49 -0700"
    },
    "done": true
  },
  "enderio:gears/g5_vibrant_gear": {
    "criteria": {
      "inv_changed-enderio:item_material": "2019-08-10 09:52:51 -0700"
    },
    "done": true
  },
  "minecraft:recipes/tools/stone_shovel": {
    "criteria": {
      "has_cobblestone": "2019-08-08 10:34:21 -0700"
    },
    "done": true
  },
  "minecraft:recipes/decorations/yellow_stained_glass_pane": {
    "criteria": {
      "has_glass": "2019-08-10 07:08:42 -0700"
    },
    "done": true
  },
  "minecraft:recipes/building_blocks/blue_concrete_powder": {
    "criteria": {
      "has_gravel": "2019-08-10 03:49:36 -0700"
    },
    "done": true
  },
  "minecraft:recipes/building_blocks/cyan_stained_glass": {
    "criteria": {
      "has_glass": "2019-08-10 07:08:42 -0700"
    },
    "done": true
  },
  "biomesoplenty:recipes/redstone/fir_door": {
    "criteria": {
      "has_planks": "2019-08-10 03:02:01 -0700"
    },
    "done": true
  },
  "minecraft:recipes/building_blocks/andesite": {
    "criteria": {
      "has_stone": "2019-08-08 10:52:50 -0700"
    },
    "done": true
  },
  "biomesoplenty:recipes/buildingblocks/fir_wooden_slab": {
    "criteria": {
      "has_planks": "2019-08-10 03:02:01 -0700"
    },
    "done": true
  },
  "minecraft:recipes/combat/golden_helmet": {
    "criteria": {
      "has_gold_ingot": "2019-08-10 06:53:02 -0700"
    },
    "done": true
  },
  "minecraft:recipes/tools/lead": {
    "criteria": {
      "has_slime_ball": "2019-08-21 14:10:06 -0700"
    },
    "done": true
  },
  "biomesoplenty:biomesoplenty/root": {
    "criteria": {
      "bop_flower_1": "2019-08-07 13:05:42 -0700"
    },
    "done": true
  },
  "biomesoplenty:recipes/transportation/boat_ebony": {
    "criteria": {
      "entered_water": "2019-08-07 13:14:18 -0700"
    },
    "done": true
  },
  "minecraft:story/root": {
    "criteria": {
      "crafting_table": "2019-08-10 04:17:09 -0700"
    },
    "done": true
  },
  "minecraft:recipes/redstone/dropper": {
    "criteria": {
      "has_redstone": "2019-08-10 05:32:22 -0700"
    },
    "done": true
  },
  "minecraft:recipes/misc/coal": {
    "criteria": {
      "has_coal_block": "2019-08-11 20:54:11 -0700"
    },
    "done": true
  },
  "minecraft:story/form_obsidian": {
    "criteria": {
      "obsidian": "2019-08-09 19:02:59 -0700"
    },
    "done": true
  },
  "minecraft:recipes/building_blocks/magma": {
    "criteria": {
      "has_magma_cream": "2019-08-10 13:05:51 -0700"
    },
    "done": true
  },
  "minecraft:recipes/brewing/brewing_stand": {
    "criteria": {
      "has_blaze_rod": "2019-08-10 04:12:45 -0700"
    },
    "done": true
  },
  "minecraft:recipes/building_blocks/string_to_wool": {
    "criteria": {
      "has_string": "2019-08-09 19:01:40 -0700"
    },
    "done": true
  },
  "biomesoplenty:recipes/transportation/boat_mahogany": {
    "criteria": {
      "entered_water": "2019-08-07 13:14:18 -0700"
    },
    "done": true
  },
  "enderio:gears/g2_stone_gear": {
    "criteria": {
      "inv_changed-enderio:item_material": "2019-08-10 07:35:25 -0700"
    },
    "done": true
  },
  "minecraft:recipes/combat/leather_chestplate": {
    "criteria": {
      "has_leather": "2019-08-10 20:28:02 -0700"
    },
    "done": true
  },
  "minecraft:recipes/redstone/repeater": {
    "criteria": {
      "has_redstone_torch": "2019-08-10 04:26:27 -0700"
    },
    "done": true
  },
  "minecraft:recipes/tools/compass": {
    "criteria": {
      "has_redstone": "2019-08-10 05:32:22 -0700"
    },
    "done": true
  },
  "minecraft:nether/obtain_blaze_rod": {
    "criteria": {
      "blaze_rod": "2019-08-10 04:12:45 -0700"
    },
    "done": true
  },
  "minecraft:recipes/building_blocks/polished_andesite": {
    "criteria": {
      "has_stone": "2019-08-09 19:00:08 -0700"
    },
    "done": true
  },
  "minecraft:recipes/building_blocks/quartz_block": {
    "criteria": {
      "has_quartz": "2019-08-09 20:14:38 -0700"
    },
    "done": true
  },
  "biomesoplenty:recipes/misc/coal_from_ash": {
    "criteria": {
      "has_gem_block": "2019-08-14 05:00:24 -0700"
    },
    "done": true
  },
  "minecraft:recipes/redstone/iron_door": {
    "criteria": {
      "has_iron_ingot": "2019-08-09 20:31:44 -0700"
    },
    "done": true
  },
  "enderiomachines:basics/sagmill/8_blue": {
    "criteria": {
      "inv_changed-enderio:item_material": "2019-08-10 06:21:00 -0700"
    },
    "done": true
  },
  "biomesoplenty:recipes/decorations/dead_terrarium": {
    "criteria": {
      "has_jar": "2019-08-14 04:59:03 -0700"
    },
    "done": true
  },
  "enderiomachines:basics/sagmill/5_green": {
    "criteria": {
      "inv_changed-enderio:item_material": "2019-08-10 14:36:26 -0700"
    },
    "done": true
  },
  "biomesoplenty:recipes/transportation/boat_willow": {
    "criteria": {
      "entered_water": "2019-08-07 13:14:18 -0700"
    },
    "done": true
  },
  "refinedstorage:importing": {
    "criteria": {
      "importer_in_inventory": "2019-08-21 16:34:12 -0700"
    },
    "done": true
  },
  "biomesoplenty:recipes/misc/orange_dye_from_burning_blossom": {
    "criteria": {
      "has_flower": "2019-08-14 04:46:04 -0700"
    },
    "done": true
  },
  "minecraft:recipes/transportation/jungle_boat": {
    "criteria": {
      "entered_water": "2019-08-07 13:14:18 -0700"
    },
    "done": true
  },
  "minecraft:recipes/building_blocks/birch_stairs": {
    "criteria": {
      "has_planks": "2019-08-08 10:07:58 -0700"
    },
    "done": true
  },
  "minecraft:recipes/redstone/heavy_weighted_pressure_plate": {
    "criteria": {
      "has_iron_ingot": "2019-08-09 20:31:44 -0700"
    },
    "done": true
  },
  "minecraft:recipes/transportation/carrot_on_a_stick": {
    "criteria": {
      "has_carrot": "2019-08-07 12:37:38 -0700"
    },
    "done": true
  },
  "minecraft:recipes/transportation/dark_oak_boat": {
    "criteria": {
      "entered_water": "2019-08-07 13:14:18 -0700"
    },
    "done": true
  },
  "minecraft:recipes/redstone/daylight_detector": {
    "criteria": {
      "has_quartz": "2019-08-09 20:14:38 -0700"
    },
    "done": true
  },
  "minecraft:recipes/food/pumpkin_pie": {
    "criteria": {
      "has_pumpkin": "2019-08-10 09:52:19 -0700"
    },
    "done": true
  },
  "minecraft:recipes/building_blocks/pink_wool": {
    "criteria": {
      "has_white_wool": "2019-08-07 12:57:35 -0700"
    },
    "done": true
  },
  "biomesoplenty:recipes/transportation/boat_jacaranda": {
    "criteria": {
      "entered_water": "2019-08-07 13:14:18 -0700"
    },
    "done": true
  },
  "minecraft:recipes/decorations/brown_bed_from_white_bed": {
    "criteria": {
      "has_bed": "2019-08-07 13:29:19 -0700"
    },
    "done": true
  },
  "minecraft:recipes/building_blocks/lit_pumpkin": {
    "criteria": {
      "has_pumpkin": "2019-08-10 09:52:19 -0700"
    },
    "done": true
  },
  "minecraft:recipes/building_blocks/polished_granite": {
    "criteria": {
      "has_stone": "2019-08-10 12:34:30 -0700"
    },
    "done": true
  },
  "refinedstorage:wireless_monitoring": {
    "criteria": {
      "wireless_crafting_monitor_in_inventory": "2019-08-22 19:48:30 -0700"
    },
    "done": true
  },
  "minecraft:recipes/building_blocks/stonebrick": {
    "criteria": {
      "has_stone": "2019-08-08 10:17:49 -0700"
    },
    "done": true
  },
  "biomesoplenty:recipes/tools/empty_jar": {
    "criteria": {
      "has_glass": "2019-08-10 07:08:42 -0700"
    },
    "done": true
  },
  "minecraft:recipes/redstone/piston": {
    "criteria": {
      "has_redstone": "2019-08-10 05:32:22 -0700"
    },
    "done": true
  },
  "minecraft:recipes/combat/golden_leggings": {
    "criteria": {
      "has_gold_ingot": "2019-08-10 06:53:02 -0700"
    },
    "done": true
  },
  "biomesoplenty:recipes/food/bowl_of_rice": {
    "criteria": {
      "has_bowl": "2019-08-07 12:37:38 -0700"
    },
    "done": true
  },
  "minecraft:recipes/building_blocks/stone_stairs": {
    "criteria": {
      "has_cobblestone": "2019-08-08 10:34:21 -0700"
    },
    "done": true
  },
  "rftools:root": {
    "criteria": {
      "has_machine_frame": "2019-08-10 08:14:09 -0700"
    },
    "done": true
  },
  "biomesoplenty:recipes/buildingblocks/fir_stairs": {
    "criteria": {
      "has_planks": "2019-08-10 03:02:01 -0700"
    },
    "done": true
  },
  "minecraft:recipes/decorations/brown_stained_glass_pane": {
    "criteria": {
      "has_glass": "2019-08-10 07:08:42 -0700"
    },
    "done": true
  },
  "minecraft:recipes/combat/diamond_boots": {
    "criteria": {
      "has_diamond": "2019-08-10 05:32:22 -0700"
    },
    "done": true
  },
  "enderio:start/2_simple_chassis_get": {
    "criteria": {
      "inv_changed-enderio:item_material": "2019-08-10 13:48:54 -0700"
    },
    "done": true
  },
  "biomesoplenty:recipes/redstone/fir_fence_gate": {
    "criteria": {
      "has_planks": "2019-08-10 03:02:01 -0700"
    },
    "done": true
  },
  "biomesoplenty:recipes/misc/gray_dye_from_ash": {
    "criteria": {
      "has_flower": "2019-08-14 05:00:24 -0700"
    },
    "done": true
  },
  "minecraft:story/smelt_iron": {
    "criteria": {
      "iron": "2019-08-09 20:31:44 -0700"
    },
    "done": true
  },
  "enderiomachines:basics/sagmill/2_sagmill_flowers": {
    "criteria": {
      "inv_changed-enderio:item_material": "2019-08-10 14:32:07 -0700"
    },
    "done": true
  },
  "minecraft:recipes/redstone/wooden_door": {
    "criteria": {
      "has_planks": "2019-08-08 10:34:03 -0700"
    },
    "done": true
  },
  "minecraft:recipes/building_blocks/chiseled_stonebrick": {
    "criteria": {
      "has_stonebrick": "2019-08-10 10:16:21 -0700"
    },
    "done": true
  },
  "minecraft:recipes/building_blocks/pink_stained_glass": {
    "criteria": {
      "has_glass": "2019-08-10 07:08:42 -0700"
    },
    "done": true
  },
  "minecraft:recipes/decorations/light_gray_bed_from_white_bed": {
    "criteria": {
      "has_bed": "2019-08-07 13:29:19 -0700"
    },
    "done": true
  },
  "minecraft:recipes/decorations/light_gray_stained_glass_pane": {
    "criteria": {
      "has_glass": "2019-08-10 07:08:42 -0700"
    },
    "done": true
  },
  "minecraft:recipes/building_blocks/bone_block": {
    "criteria": {
      "has_at_least_9_bonemeal": "2019-08-21 12:52:06 -0700"
    },
    "done": true
  }
}