{"stat.leaveGame":31,"stat.pickup.toughasnails.purified_water_bottle":48,"stat.useItem.exnihilocreatio.block_waterwheel":6,"stat.killEntity.PigZombie":4,"stat.mineBlock.harvestcraft.beehive":4,"stat.pickup.minecraft.rotten_flesh":53,"stat.pickup.enderio.item_conduit_probe":1,"stat.useItem.minecraft.diamond_hoe":20,"stat.pickup.quark.basalt":44,"stat.craftItem.bigreactors.reactorcasingcores":10,"stat.pickup.thermalfoundation.tool.excavator_platinum":4,"stat.useItem.rftools.shape_card":19,"stat.pickup.thermalfoundation.tool.pickaxe_platinum":3,"stat.useItem.exnihilocreatio.block_sieve":8,"stat.pickup.minecraft.leather_boots":1,"stat.craftItem.rftools.matter_receiver":1,"stat.pickup.harvestcraft.radishitem":1,"stat.pickup.biomesoplenty.mushroom":5,"stat.pickup.minecraft.brown_mushroom":6,"stat.craftItem.bigreactors.reactorfuelrod":1,"stat.killEntity.Witch":1,"stat.pickup.extrautils2.trashchest":2,"stat.pickup.quark.tallow":4,"stat.pickup.rftoolsdim.dimension_enscriber":1,"stat.craftItem.minecraft.iron_door":3,"stat.pickup.rftools.matter_receiver":1,"stat.pickup.thermalexpansion.satchel":5,"stat.pickup.minecraft.double_plant":2,"stat.pickup.enderio.item_basic_capacitor":2,"stat.mineBlock.chisel.marble2":3,"stat.mineBlock.minecraft.hopper":4,"stat.pickup.thermalfoundation.material":4,"stat.furnaceInteraction":161,"stat.pickup.biomesoplenty.hard_ice":5,"stat.useItem.minecraft.pumpkin_seeds":16,"stat.killEntity.ZombieVillager":1,"stat.pickup.extrautils2.enderlilly":2,"stat.pickup.minecraft.beef":3,"stat.pickup.thermalfoundation.armor.helmet_platinum":4,"stat.pickup.biomesoplenty.flower_1":70,"stat.useItem.minecraft.trapdoor":1,"stat.useItem.minecraft.fence":36,"stat.pickup.rftools.machine_frame":1,"stat.useItem.harvestcraft.applejuiceitem":1,"stat.craftItem.toughasnails.purified_water_bottle":39,"stat.pickup.minecraft.potion":28,"stat.mineBlock.minecraft.fence":4,"stat.useItem.minecraft.flint_and_steel":2,"stat.useItem.minecraft.wheat_seeds":166,"stat.mineBlock.minecraft.dark_oak_fence_gate":2,"stat.useItem.biomesoplenty.flower_1":23,"stat.pickup.minecraft.emerald":9,"stat.pickup.minecraft.lever":2,"stat.deaths":4,"stat.pickup.minecraft.egg":38,"stat.mineBlock.extrautils2.trashchest":2,"stat.craftItem.minecraft.item_frame":12,"stat.drop.minecraft.torch":1,"stat.pickup.chisel.marble2":2,"stat.mineBlock.minecraft.tallgrass":30,"stat.craftItem.minecraft.cooked_mutton":32,"stat.pickup.minecraft.cooked_mutton":41,"stat.chestOpened":1797,"stat.useItem.minecraft.stone":42,"stat.pickup.minecraft.arrow":40,"stat.pickup.minecraft.iron_sword":1,"stat.killEntity.Ghast":2,"stat.pickup.minecraft.gold_nugget":8,"stat.pickup.extrautils2.chunkloader":1,"stat.craftItem.minecraft.coal":325,"stat.pickup.enderio.item_alloy_ingot":1,"stat.craftItem.rftools.dialing_device":1,"stat.crouchOneCm":38552,"stat.mineBlock.minecraft.chest":1,"stat.pickup.minecraft.rail":7,"stat.craftItem.minecraft.hopper":1,"stat.craftingTableInteraction":100,"stat.pickup.minecraft.jungle_door":1,"stat.pickup.extrautils2.spike_stone":9,"stat.craftItem.thermalexpansion.satchel":1,"stat.useItem.minecraft.reeds":30,"stat.pickup.toughasnails.temperature_coil":1,"stat.mineBlock.biomesoplenty.plant_0":18,"stat.pickup.minecraft.dye":51,"stat.pickup.minecraft.planks":10,"stat.pickup.biomesoplenty.plant_1":13,"stat.pickup.chisel.limestone2":25,"stat.pickup.minecraft.wheat_seeds":166,"stat.pickup.enderio.item_material":1,"stat.pickup.rftools.charged_porter":1,"stat.mineBlock.minecraft.dirt":96,"stat.craftItem.enderio.item_alloy_nugget":9,"stat.craftItem.enderio.block_simple_sag_mill":1,"stat.pickup.toughasnails.ice_cube":1,"stat.craftItem.bigreactors.ingotgraphite":112,"stat.useItem.minecraft.bread":29,"stat.craftItem.thermalfoundation.storage":1,"stat.craftItem.extrautils2.spike_stone":4,"stat.mineBlock.biomesoplenty.leaves_1":9,"stat.useItem.thermalfoundation.tool.hammer_platinum":222,"stat.drop.minecraft.rotten_flesh":7,"stat.useItem.minecraft.cobblestone":290,"stat.mineBlock.rftoolsdim.dimlet_workbench":3,"stat.useItem.minecraft.yellow_flower":6,"stat.pickup.minecraft.hopper":6,"stat.pickup.minecraft.chicken":3,"stat.mineBlock.biomesoplenty.sapling_0":3,"stat.pickup.nethermetals.nether_manganese_ore":2,"stat.pickup.minecraft.banner":3,"stat.useItem.exnihilocreatio.block_axle_stone":5,"stat.craftItem.minecraft.planks":160,"stat.pickup.biomesoplenty.berries":19,"stat.pickup.minecraft.book":18,"stat.mineBlock.minecraft.log":6,"stat.mineBlock.minecraft.heavy_weighted_pressure_plate":2,"stat.useItem.biomesoplenty.dirt":96,"stat.pickup.minecraft.iron_door":3,"stat.craftItem.minecraft.paper":24,"stat.pickup.biomesoplenty.dirt":1340,"stat.pickup.minecraft.red_flower":12,"stat.craftItem.thermalexpansion.frame":1,"stat.pickup.minecraft.wool":30,"stat.useItem.minecraft.wooden_axe":15,"stat.craftItem.enderio.item_alloy_ball":24,"stat.mineBlock.minecraft.cobblestone":24,"stat.mineBlock.minecraft.pumpkin":13,"stat.mineBlock.minecraft.yellow_flower":1,"stat.pickup.minecraft.enchanted_book":3,"stat.pickup.openblocks.fan":6,"stat.drop.minecraft.cobblestone":1,"stat.mineBlock.extrautils2.chunkloader":1,"stat.useItem.minecraft.obsidian":14,"stat.mineBlock.ironchest.iron_chest":2,"stat.useItem.minecraft.stone_slab2":208,"stat.pickup.minecraft.bow":7,"stat.craftItem.thermalfoundation.tool.hammer_platinum":1,"stat.useItem.minecraft.egg":2,"stat.craftItem.minecraft.cooked_beef":24,"stat.pickup.quark.black_ash":4,"stat.flyOneCm":2605740,"stat.timeSinceDeath":371573,"stat.pickup.basemetals.coldiron_ore":7,"stat.useItem.minecraft.iron_door":2,"stat.killEntity.Bat":1,"stat.useItem.minecraft.potato":6,"stat.craftItem.bigreactors.reactorpowertaprf":1,"stat.pickup.thermaldynamics.duct_0":6,"stat.killEntity.Creeper":4,"stat.pickup.exnihilocreatio.item_seed_oak":7,"stat.talkedToVillager":6,"stat.craftItem.refinedstorage.quartz_enriched_iron":44,"stat.pickup.minecraft.string":32,"stat.craftItem.rftools.matter_transmitter":1,"stat.pickup.enderio.block_cap_bank":1,"stat.sprintOneCm":784419,"stat.useItem.minecraft.diamond_shovel":3,"stat.mineBlock.biomesoplenty.flower_1":5,"stat.mineBlock.biomesoplenty.grass":196,"stat.mineBlock.extrautils2.machine":3,"stat.pickup.nethermetals.nether_lapis_ore":5,"stat.useItem.harvestcraft.apiary":3,"stat.useItem.minecraft.wooden_sword":1,"stat.useItem.minecraft.ladder":19,"stat.craftItem.enderio.block_sag_mill":1,"stat.pickup.minecraft.iron_block":6,"stat.killEntity.Zombie":76,"stat.pickup.nethermetals.nether_emerald_ore":1,"stat.diveOneCm":194381,"stat.pickup.minecraft.wheat":110,"stat.pickup.extrautils2.machine":3,"stat.craftItem.minecraft.ladder":6,"stat.pickup.toughasnails.jelled_slime_chestplate":1,"stat.pickup.exnihilocreatio.block_crucible":1,"stat.drop.lootbags.itemlootbag":6,"stat.pickup.nethermetals.nether_iron_ore":4,"stat.useItem.minecraft.heavy_weighted_pressure_plate":4,"stat.craftItem.thermalexpansion.machine":1,"stat.jump":3913,"stat.pickup.minecraft.coal":23,"stat.pickup.minecraft.iron_ingot":7,"stat.craftItem.minecraft.lever":7,"stat.pickup.minecraft.gunpowder":4,"stat.pickup.minecraft.dirt":280,"stat.pickup.nethermetals.nether_copper_ore":3,"stat.pickup.minecraft.stone_shovel":1,"stat.killEntity.quark:wraith":1,"stat.pickup.minecraft.iron_axe":2,"stat.pickup.sereneseasons.greenhouse_glass":12,"stat.mineBlock.modernmetals.zirconium_ore":1,"stat.pickup.biomesoplenty.grass":64,"stat.brewingstandInteraction":1,"stat.damageTaken":4999,"stat.mineBlock.minecraft.torch":39,"stat.mineBlock.minecraft.red_flower":5,"stat.pickup.minecraft.magma_cream":1,"stat.craftItem.minecraft.comparator":1,"stat.pickup.minecraft.bed":2,"stat.pickup.minecraft.potato":15,"stat.entityKilledBy.Zombie":1,"stat.mineBlock.exnihilocreatio.block_axle_stone":2,"stat.useItem.minecraft.chest":14,"stat.drop.minecraft.wheat":18,"stat.pickup.minecraft.diamond_pickaxe":1,"stat.craftItem.bigreactors.reactoraccessport":1,"stat.mineBlock.biomesoplenty.planks_0":2,"stat.mineBlock.ironchest.iron_shulker_box_magenta":1,"stat.craftItem.rftools.powercell_simple":1,"stat.craftItem.basemetals.steel_ingot":1,"stat.pickup.minecraft.ender_pearl":3,"stat.useItem.minecraft.redstone_ore":11,"stat.pickup.minecraft.ladder":9,"stat.useItem.minecraft.netherrack":8,"stat.pickup.harvestcraft.queenbeeitem":4,"stat.mobKills":204,"stat.mineBlock.minecraft.bookshelf":3,"stat.pickup.minecraft.diamond":2,"stat.pickup.minecraft.beetroot_seeds":4,"stat.drop.biomesoplenty.dirt":1,"stat.pickup.minecraft.torch":217,"stat.drop.minecraft.arrow":1,"stat.mineBlock.nethermetals.nether_iron_ore":4,"stat.pickup.thermalfoundation.armor.boots_platinum":4,"stat.mineBlock.openblocks.fan":6,"stat.pickup.minecraft.dark_oak_fence_gate":2,"stat.craftItem.enderio.item_basic_capacitor":1,"stat.mineBlock.enderio.block_simple_sag_mill":2,"stat.killEntity.Blaze":5,"stat.useItem.minecraft.planks":48,"stat.drop.thermalfoundation.tool.axe_platinum":1,"stat.pickup.basemetals.copper_boots":1,"stat.pickup.minecraft.porkchop":5,"stat.pickup.toughasnails.jelled_slime_leggings":1,"stat.craftItem.bigreactors.reactorcontrolrod":1,"stat.entityKilledBy.Spider":1,"stat.pickup.harvestcraft.sweetpotatoitem":1,"stat.pickup.minecraft.name_tag":1,"stat.useItem.quark.stonebrick_wall":4,"stat.useItem.projecte.item.pe_rm_pick":10,"stat.craftItem.minecraft.stone_sword":3,"stat.pickup.ironchest.iron_shulker_box_magenta":1,"stat.mineBlock.nethermetals.nether_rutile_ore":1,"stat.hopperInspected":2,"stat.useItem.minecraft.spawn_egg":72,"stat.pickup.thermalexpansion.cell":1,"stat.mineBlock.biomesoplenty.dirt":74,"stat.craftItem.bigreactors.reactorcasing":40,"stat.craftItem.enderio.item_material":17,"stat.useItem.minecraft.oak_stairs":21,"stat.craftItem.thermalfoundation.material":58,"stat.pickup.thermalfoundation.armor.plate_platinum":4,"stat.useItem.extrautils2.pipe":1,"stat.useItem.minecraft.cooked_mutton":32,"stat.pickup.minecraft.furnace":1,"stat.useItem.thermaldynamics.duct_0":28,"stat.mineBlock.thermalexpansion.cell":1,"stat.pickup.minecraft.iron_chestplate":1,"stat.pickup.minecraft.skull":6,"stat.pickup.minecraft.stone_stairs":2,"stat.pickup.modernmetals.cadmium_ingot":2,"stat.mineBlock.nethermetals.nether_manganese_ore":1,"stat.pickup.minecraft.pumpkin_seeds":4,"stat.useItem.minecraft.hopper":7,"stat.craftItem.minecraft.heavy_weighted_pressure_plate":4,"stat.craftItem.enderio.block_simple_alloy_smelter":1,"stat.mineBlock.minecraft.oak_stairs":1,"stat.pickup.ironchest.iron_chest":2,"stat.playOneMinute":1156344,"stat.pickup.minecraft.blaze_rod":1,"stat.pickup.thermalfoundation.tool.axe_platinum":5,"stat.pickup.minecraft.netherrack":1885,"stat.pickup.minecraft.pumpkin":11,"stat.pickup.harvestcraft.tomatoitem":2,"stat.mineBlock.minecraft.netherrack":1459,"stat.mineBlock.minecraft.ice":2,"stat.craftItem.harvestcraft.mixingbowlitem":1,"stat.craftItem.harvestcraft.waterfilter":1,"stat.mineBlock.basemetals.coldiron_ore":7,"stat.craftItem.biomesoplenty.planks_0":100,"stat.fallOneCm":45090,"stat.drop.minecraft.stone":1,"stat.useItem.bigreactors.reactorcasing":21,"stat.craftItem.minecraft.chest":11,"stat.mineBlock.minecraft.lever":1,"stat.useItem.minecraft.iron_hoe":105,"stat.pickup.minecraft.heavy_weighted_pressure_plate":6,"stat.pickup.minecraft.comparator":34,"stat.pickup.minecraft.feather":8,"stat.useItem.minecraft.furnace":3,"stat.pickup.basemetals.copper_ingot":17,"stat.pickup.nethermetals.nether_rutile_ore":2,"stat.mineBlock.minecraft.gravel":1,"stat.pickup.toughasnails.jelled_slime_helmet":1,"stat.craftItem.rftools.machine_frame":7,"stat.pickup.chisel.chisel_hitech":1,"stat.useItem.extrautils2.spike_stone":47,"stat.useItem.minecraft.torch":357,"stat.craftItem.rftoolsdim.dimension_enscriber":1,"stat.useItem.extrautils2.grocket":1,"stat.craftItem.minecraft.redstone_block":1,"stat.useItem.minecraft.log":185,"stat.pickup.minecraft.crafting_table":1,"stat.craftItem.minecraft.crafting_table":2,"stat.pickup.enderio.block_simple_alloy_smelter":1,"stat.pickup.thermalfoundation.tool.hammer_platinum":4,"stat.killEntity.LavaSlime":19,"stat.pickup.minecraft.redstone_block":24,"stat.pickup.minecraft.log":42,"stat.pickup.biomesoplenty.planks_0":2,"stat.craftItem.minecraft.redstone_ore":5,"stat.pickup.minecraft.sapling":60,"stat.mineBlock.enderio.block_cap_bank":1,"stat.useItem.openblocks.fan":11,"stat.pickup.minecraft.beetroot":3,"stat.mineBlock.quark.basalt":44,"stat.craftItem.bigreactors.reactorcontroller":1,"stat.pickup.refinedstorage.wireless_transmitter":1,"stat.mineBlock.nethermetals.nether_copper_ore":3,"stat.killEntity.WitherSkeleton":4,"stat.craftItem.thermaldynamics.duct_0":30,"stat.pickup.exnihilocreatio.block_axle_stone":2,"stat.pickup.harvestcraft.juteitem":1,"stat.craftItem.harvestcraft.apiary":4,"stat.useItem.minecraft.beetroot_seeds":1,"stat.sneakTime":18549,"stat.pickup.harvestcraft.tealeafitem":1,"stat.mineBlock.nethermetals.nether_lapis_ore":5,"stat.entityKilledBy.Blaze":1,"stat.pickup.minecraft.yellow_flower":4,"stat.useItem.thermalfoundation.tool.axe_platinum":39,"stat.pickup.minecraft.golden_rail":1,"stat.pickup.minecraft.chest":6,"stat.pickup.minecraft.bone":137,"stat.pickup.minecraft.redstone_torch":2,"stat.mineBlock.extrautils2.spike_stone":4,"stat.useItem.thermalfoundation.tool.sword_platinum":771,"stat.useItem.minecraft.diamond_sword":26,"stat.pickup.basemetals.nickel_ingot":6,"stat.pickup.toughasnails.jelled_slime_boots":1,"stat.swimOneCm":16352,"stat.climbOneCm":19503,"stat.pickup.lootbags.itemlootbag":62,"stat.mineBlock.toughasnails.temperature_coil":1,"stat.useItem.minecraft.dirt":160,"stat.useItem.minecraft.red_flower":4,"stat.pickup.minecraft.anvil":2,"stat.pickup.minecraft.cobblestone":269,"stat.useItem.rftools.charged_porter":10,"stat.mineBlock.chisel.limestone2":15,"stat.useItem.chisel.cobblestone":102,"stat.pickup.minecraft.glass_bottle":18,"stat.drop.minecraft.wheat_seeds":20,"stat.craftItem.toughasnails.charcoal_filter":27,"stat.useItem.minecraft.cooked_beef":1,"stat.pickup.thermalfoundation.tool.sword_platinum":4,"stat.pickup.harvestcraft.leekitem":2,"stat.pickup.minecraft.redstone":26,"stat.pickup.minecraft.mutton":35,"stat.pickup.rftools.matter_transmitter":1,"stat.useItem.cathedral.dwemer_light_normal":24,"stat.useItem.minecraft.lever":8,"stat.mineBlock.biomesoplenty.hard_ice":5,"stat.pickup.minecraft.stonebrick":9,"stat.pickup.minecraft.iron_shovel":2,"stat.pickup.minecraft.carpet":13,"stat.pickup.thermalfoundation.armor.legs_platinum":5,"stat.mineBlock.nethermetals.nether_zirconium_ore":8,"stat.craftItem.minecraft.stone_slab2":0,"stat.craftItem.rftoolsdim.dimension_builder":1,"stat.craftItem.extrautils2.compressednetherrack":42,"stat.pickup.minecraft.paper":2,"stat.mineBlock.biomesoplenty.log_0":15,"stat.craftItem.minecraft.stick":112,"stat.pickup.exnihilocreatio.item_material":3,"stat.craftItem.minecraft.gold_nugget":9,"stat.useItem.minecraft.diamond_pickaxe":1,"stat.craftItem.rftoolsdim.empty_dimension_tab":1,"stat.useItem.thermalfoundation.tool.pickaxe_platinum":105,"stat.mineBlock.enderio.block_simple_alloy_smelter":1,"stat.useItem.extrautils2.itembuilderswand":5,"stat.mineBlock.minecraft.planks":10,"stat.useItem.bottledmilk.milk_bottle_drinkable":5,"stat.drop":57,"stat.killEntity.Sheep":13,"stat.pickup.nethermetals.nether_coal_ore":9,"stat.pickup.harvestcraft.garlicitem":1,"stat.craftItem.minecraft.piston":3,"stat.useItem.extrautils2.machine":3,"stat.pickup.minecraft.gravel":1,"stat.useItem.minecraft.glass_bottle":50,"stat.craftItem.harvestcraft.wovencottonitem":32,"stat.useItem.minecraft.diamond_axe":12,"stat.mineBlock.minecraft.anvil":1,"stat.pickup.rftools.dialing_device":1,"stat.useItem.thermalfoundation.tool.excavator_platinum":46,"stat.useItem.minecraft.carpet":17,"stat.useItem.minecraft.potion":3,"stat.pickup.minecraft.fence":4,"stat.craftItem.rftools.charged_porter":1,"stat.craftItem.minecraft.bread":14,"stat.mineBlock.harvestcraft.shadedgarden":3,"stat.pickup.minecraft.spider_eye":5,"stat.mineBlock.nethermetals.nether_emerald_ore":1,"stat.mineBlock.nethermetals.nether_coal_ore":9,"stat.pickup.minecraft.reeds":73,"stat.pickup.industrialforegoing.tinydryrubber":6,"stat.pickup.minecraft.oak_stairs":1,"stat.damageDealt":35024,"stat.pickup.nethermetals.nether_zirconium_ore":8,"stat.pickup.baubles.ring":5,"stat.killEntity.Pig":2,"stat.walkOneCm":1870335,"stat.pickup.minecraft.stick":79,"stat.craftItem.exnihilocreatio.item_material":2,"stat.pickup.biomesoplenty.sapling_0":1328,"stat.mineBlock.thermaldynamics.duct_0":6,"stat.pickup.minecraft.stone":395,"stat.mineBlock.minecraft.wool":4,"stat.craftItem.minecraft.redstone":9,"stat.craftItem.rftoolsdim.dimlet_workbench":1,"stat.pickup.modernmetals.zirconium_ore":3,"stat.pickup.minecraft.gold_ingot":32,"stat.killEntity.Skeleton":45,"stat.pickup.biomesoplenty.log_0":3559,"stat.pickup.biomesoplenty.log_2":10,"stat.killEntity.Chicken":2,"stat.useItem.biomesoplenty.sapling_0":23,"stat.killEntity.Spider":10,"stat.mineBlock.minecraft.quartz_ore":43,"stat.pickup.minecraft.bread":1,"stat.pickup.minecraft.quartz":43,"stat.useItem.minecraft.golden_apple":10,"stat.mineBlock.minecraft.leaves":1,"stat.useItem.chisel.cobblestone1":52,"stat.pickup.enderio.block_simple_sag_mill":2,"stat.useItem.chisel.cobblestone2":132,"stat.pickup.rftoolsdim.dimlet_workbench":3,"stat.useItem.biomesoplenty.grass":177,"stat.mineBlock.minecraft.stone":229}