{"stat.pickup.nethermetals.nether_antimony_ore":28,"stat.craftItem.blockcraftery.editable_slant":36,"stat.pickup.toughasnails.purified_water_bottle":108,"stat.pickup.nethermetals.nether_lead_ore":64,"stat.pickup.deepmoblearning.polymer_clay":59,"stat.mineBlock.minecraft.stained_glass":71,"stat.drop.minecraft.enchanted_book":2,"stat.craftItem.harvestcraft.royaljellyitem":1,"stat.pickup.nethermetals.nether_chromium_ore":28,"stat.pickup.minecraft.rotten_flesh":206,"stat.pickup.enderio.item_conduit_probe":1,"stat.useItem.minecraft.diamond_hoe":26,"stat.craftItem.bigreactors.reactorcasingcores":20,"stat.pickup.rftools.modular_storage":15,"stat.craftItem.rftools.matter_receiver":1,"stat.pickup.biomesoplenty.mushroom":5,"stat.pickup.minecraft.brown_mushroom":11,"stat.craftItem.bigreactors.reactorfuelrod":4,"stat.pickup.extrautils2.trashchest":2,"stat.pickup.quark.tallow":20,"stat.craftItem.harvestcraft.grainbaititem":52,"stat.useItem.minecraft.iron_pickaxe":38,"stat.pickup.minecraft.stained_hardened_clay":62,"stat.pickup.rftools.matter_receiver":1,"stat.pickup.nethermetals.nether_tungsten_ore":29,"stat.pickup.minecraft.double_plant":2,"stat.craftItem.rftools.infused_diamond":4,"stat.pickup.tanaddons.temp_regulator":2,"stat.craftItem.minecraft.glass_pane":16,"stat.pickup.enderio.item_basic_capacitor":2,"stat.mineBlock.chisel.marble2":3,"stat.furnaceInteraction":215,"stat.pickup.extrautils2.enderlilly":2,"stat.useItem.extrautils2.screen":3,"stat.craftItem.harvestcraft.queenbeeitem":1,"stat.pickup.thermalfoundation.armor.helmet_platinum":4,"stat.useItem.minecraft.fence":36,"stat.useItem.harvestcraft.applejuiceitem":22,"stat.pickup.extrautils2.decorativeglass":40,"stat.craftItem.toughasnails.purified_water_bottle":69,"stat.mineBlock.minecraft.fence":4,"stat.useItem.minecraft.flint_and_steel":2,"stat.useItem.minecraft.wheat_seeds":167,"stat.useItem.biomesoplenty.flower_1":23,"stat.mineBlock.avaritiarecipemaker.vanillarecipemakerblock":1,"stat.killEntity.Husk":1,"stat.pickup.minecraft.emerald":9,"stat.craftItem.extrautils2.decorativeglass":4,"stat.pickup.minecraft.lever":9,"stat.deaths":7,"stat.pickup.minecraft.egg":91,"stat.craftItem.minecraft.item_frame":12,"stat.pickup.minecraft.item_frame":9,"stat.craftItem.minecraft.repeater":1,"stat.craftItem.minecraft.cooked_mutton":32,"stat.pickup.minecraft.cooked_mutton":41,"stat.useItem.toughasnails.temperature_coil":2,"stat.chestOpened":3461,"stat.pickup.minecraft.iron_sword":1,"stat.pickup.minecraft.gold_nugget":10,"stat.craftItem.minecraft.coal":325,"stat.pickup.deepmoblearning.simulation_chamber":2,"stat.pickup.enderio.item_alloy_ingot":1,"stat.pickup.minecraft.carrot":2,"stat.crouchOneCm":92017,"stat.mineBlock.projecte.dm_pedestal":2,"stat.pickup.minecraft.rail":16,"stat.craftItem.libvulpes.holoprojector":1,"stat.craftingTableInteraction":181,"stat.craftItem.extrautils2.decorativesolid":16,"stat.pickup.minecraft.jungle_door":1,"stat.craftItem.thermalexpansion.satchel":1,"stat.mineBlock.biomesoplenty.plant_1":1,"stat.mineBlock.biomesoplenty.plant_0":89,"stat.pickup.minecraft.dye":54,"stat.pickup.minecraft.planks":10,"stat.pickup.biomesoplenty.plant_1":13,"stat.pickup.chisel.limestone2":25,"stat.pickup.enderio.item_material":1,"stat.useItem.extrautils2.decorativeglass":261,"stat.pickup.rftools.charged_porter":3,"stat.pickup.refinedstorage.network_transmitter":2,"stat.craftItem.enderio.item_alloy_nugget":9,"stat.craftItem.enderio.block_simple_sag_mill":1,"stat.pickup.exnihilocreatio.item_mesh":3,"stat.craftItem.bigreactors.ingotgraphite":112,"stat.craftItem.thermalfoundation.storage":1,"stat.mineBlock.biomesoplenty.leaves_3":3,"stat.mineBlock.biomesoplenty.leaves_1":10,"stat.drop.minecraft.rotten_flesh":12,"stat.mineBlock.rftoolsdim.dimlet_workbench":3,"stat.craftItem.refinedstorage.wireless_grid":1,"stat.useItem.minecraft.yellow_flower":6,"stat.pickup.minecraft.chicken":6,"stat.mineBlock.biomesoplenty.sapling_0":3,"stat.pickup.bigreactors.reactorcasing":6,"stat.craftItem.minecraft.planks":380,"stat.craftItem.refinedstorage.wireless_transmitter":1,"stat.craftItem.refinedstorage.storage_disk":19,"stat.pickup.biomesoplenty.berries":19,"stat.mineBlock.projecte.alchemical_chest":1,"stat.pickup.minecraft.book":18,"stat.useItem.biomesoplenty.dirt":360,"stat.pickup.minecraft.iron_door":3,"stat.pickup.extrautils2.pipe":8,"stat.craftItem.minecraft.cobblestone":72,"stat.craftItem.harvestcraft.saucepanitem":1,"stat.drop.toughasnails.jelled_slime_helmet":1,"stat.craftItem.enderio.item_alloy_ball":24,"stat.mineBlock.minecraft.cobblestone":30,"stat.mineBlock.minecraft.pumpkin":61,"stat.pickup.nethermetals.nether_silver_ore":35,"stat.pickup.minecraft.flint":2,"stat.pickup.minecraft.flower_pot":3,"stat.drop.minecraft.cobblestone":1,"stat.craftItem.projecte.alchemical_chest":1,"stat.mineBlock.extrautils2.chunkloader":1,"stat.mineBlock.blockcraftery.editable_slant":5,"stat.useItem.minecraft.stone_slab2":1124,"stat.pickup.forge.bucketfilled":1,"stat.pickup.minecraft.iron_boots":1,"stat.craftItem.minecraft.lapis_block":17,"stat.craftItem.refinedstorage.network_transmitter":2,"stat.pickup.quark.black_ash":4,"stat.mineBlock.minecraft.clay":7,"stat.pickup.nethermetals.nether_zinc_ore":21,"stat.useItem.minecraft.iron_door":2,"stat.craftItem.minecraft.iron_block":7,"stat.pickup.cathedral.basalt_block_carved":8,"stat.pickup.thermaldynamics.duct_0":11,"stat.killEntity.Creeper":7,"stat.craftItem.refinedstorage.quartz_enriched_iron":276,"stat.sprintOneCm":1769410,"stat.mineBlock.biomesoplenty.flower_1":6,"stat.mineBlock.biomesoplenty.flower_0":3,"stat.mineBlock.minecraft.stone_slab":5,"stat.mineBlock.biomesoplenty.grass":203,"stat.mineBlock.extrautils2.decorativeglass":54,"stat.pickup.minecraft.leather_leggings":2,"stat.pickup.nethermetals.nether_lapis_ore":39,"stat.craftItem.enderio.block_sag_mill":1,"stat.pickup.minecraft.iron_block":6,"stat.killEntity.Zombie":202,"stat.craftItem.deepmoblearning.data_model_blank":1,"stat.drop.exnihilocreatio.item_ore_gold":2,"stat.craftItem.minecraft.dye":3,"stat.pickup.rftools.dimensional_shard":2,"stat.pickup.nethermetals.nether_emerald_ore":22,"stat.pickup.minecraft.wheat":373,"stat.drop.lootbags.itemlootbag":6,"stat.pickup.nethermetals.nether_iron_ore":55,"stat.pickup.blockcraftery.editable_slant":5,"stat.craftItem.harvestcraft.applejuiceitem":17,"stat.useItem.minecraft.heavy_weighted_pressure_plate":4,"stat.pickup.minecraft.coal":23,"stat.pickup.minecraft.iron_ingot":8,"stat.craftItem.minecraft.lever":10,"stat.craftItem.refinedstorage.grid":6,"stat.pickup.minecraft.gunpowder":6,"stat.pickup.minecraft.dirt":329,"stat.pickup.nethermetals.nether_copper_ore":148,"stat.killEntity.quark:wraith":2,"stat.pickup.minecraft.iron_axe":2,"stat.pickup.sereneseasons.greenhouse_glass":12,"stat.mineBlock.modernmetals.zirconium_ore":1,"stat.pickup.biomesoplenty.grass":64,"stat.brewingstandInteraction":1,"stat.mineBlock.minecraft.torch":85,"stat.mineBlock.minecraft.red_flower":7,"stat.pickup.minecraft.magma_cream":1,"stat.craftItem.minecraft.comparator":2,"stat.pickup.rftoolsdim.dimlet_parcel":1,"stat.pickup.minecraft.rabbit_hide":1,"stat.mineBlock.exnihilocreatio.block_axle_stone":2,"stat.pickup.chickenchunks.chunk_loader":2,"stat.drop.minecraft.wheat":18,"stat.pickup.minecraft.diamond_pickaxe":1,"stat.craftItem.harvestcraft.butteritem":12,"stat.craftItem.bigreactors.reactoraccessport":1,"stat.mineBlock.biomesoplenty.planks_0":2,"stat.drop.minecraft.netherrack":1,"stat.craftItem.rftools.powercell_simple":3,"stat.useItem.minecraft.item_frame":1,"stat.useItem.minecraft.stained_hardened_clay":12,"stat.mineBlock.refinedstorage.cable":17,"stat.useItem.minecraft.redstone_ore":11,"stat.craftItem.rftools.shape_card":3,"stat.mobKills":469,"stat.mineBlock.minecraft.bookshelf":3,"stat.pickup.minecraft.diamond":2,"stat.pickup.minecraft.beetroot_seeds":41,"stat.drop.biomesoplenty.dirt":1,"stat.craftItem.refinedstorage.controller":1,"stat.pickup.nethermetals.nether_tantalum_ore":24,"stat.pickup.nethermetals.nether_cadmium_ore":16,"stat.mineBlock.openblocks.fan":6,"stat.craftItem.enderio.item_basic_capacitor":1,"stat.killEntity.Blaze":18,"stat.drop.harvestcraft.applejuiceitem":64,"stat.drop.thermalfoundation.tool.axe_platinum":1,"stat.pickup.minecraft.glowstone_dust":14,"stat.pickup.basemetals.copper_boots":1,"stat.pickup.toughasnails.jelled_slime_leggings":4,"stat.useItem.thermalfoundation.upgrade":1,"stat.drop.enderio.item_travel_staff":2,"stat.pickup.harvestcraft.sweetpotatoitem":2,"stat.useItem.quark.stonebrick_wall":4,"stat.useItem.projecte.item.pe_rm_pick":10,"stat.craftItem.minecraft.stone_sword":3,"stat.pickup.ironchest.iron_shulker_box_magenta":1,"stat.mineBlock.minecraft.snow_layer":1,"stat.useItem.refinedstorage.network_card":67,"stat.useItem.cathedral.basalt_block_carved":2,"stat.mineBlock.nethermetals.nether_rutile_ore":1,"stat.hopperInspected":4,"stat.pickup.nethermetals.nether_tin_ore":64,"stat.pickup.thermalexpansion.cell":1,"stat.craftItem.enderio.item_material":17,"stat.mineBlock.rftools.support_block":214,"stat.craftItem.thermalfoundation.material":79,"stat.pickup.thermalfoundation.armor.plate_platinum":4,"stat.useItem.extrautils2.pipe":7,"stat.pickup.deepmoblearning.data_model_zombie":1,"stat.useItem.minecraft.cooked_mutton":32,"stat.useItem.thermaldynamics.duct_0":33,"stat.mineBlock.thermalexpansion.cell":1,"stat.pickup.minecraft.stone_stairs":2,"stat.pickup.modernmetals.cadmium_ingot":2,"stat.mineBlock.nethermetals.nether_manganese_ore":1,"stat.pickup.minecraft.pumpkin_seeds":4,"stat.pickup.ironchest.iron_chest":3,"stat.pickup.minecraft.blaze_rod":7,"stat.pickup.thermalfoundation.tool.axe_platinum":8,"stat.mineBlock.refinedstorage.crafting_monitor":3,"stat.pickup.minecraft.netherrack":2028,"stat.pickup.minecraft.pumpkin":59,"stat.mineBlock.minecraft.ice":2,"stat.useItem.harvestcraft.wafflesitem":8,"stat.mineBlock.basemetals.coldiron_ore":7,"stat.craftItem.refinedstorage.upgrade":46,"stat.craftItem.biomesoplenty.planks_0":128,"stat.mineBlock.rftools.rf_monitor":6,"stat.drop.minecraft.stone":1,"stat.craftItem.rftools.powercell":1,"stat.craftItem.rftools.destination_analyzer":1,"stat.craftItem.chickenchunks.chunk_loader":1,"stat.pickup.minecraft.heavy_weighted_pressure_plate":6,"stat.useItem.minecraft.furnace":3,"stat.craftItem.advancedrocketry.satelliteprimaryfunction":2,"stat.pickup.basemetals.copper_ingot":17,"stat.pickup.minecraft.iron_leggings":2,"stat.mineBlock.minecraft.gravel":10,"stat.pickup.toughasnails.jelled_slime_helmet":4,"stat.useItem.rftools.powercell_simple":6,"stat.craftItem.rftools.machine_frame":14,"stat.useItem.minecraft.torch":708,"stat.pickup.minecraft.golden_apple":2,"stat.craftItem.minecraft.redstone_block":9,"stat.useItem.minecraft.log":185,"stat.pickup.minecraft.crafting_table":2,"stat.craftItem.minecraft.crafting_table":7,"stat.pickup.enderio.block_simple_alloy_smelter":1,"stat.pickup.thermalfoundation.tool.hammer_platinum":8,"stat.pickup.extrautils2.grocket":3,"stat.pickup.chisel.basalt":4,"stat.pickup.minecraft.redstone_block":24,"stat.pickup.rftools.crafter2":6,"stat.craftItem.refinedstorage.disk_manipulator":1,"stat.pickup.refinedstorage.crafting_monitor":3,"stat.pickup.rftools.crafter1":3,"stat.craftItem.refinedstorage.processor_binding":96,"stat.pickup.nethermetals.nether_diamond_ore":16,"stat.pickup.minecraft.sapling":64,"stat.mineBlock.enderio.block_cap_bank":1,"stat.craftItem.refinedstorage.pattern":7,"stat.useItem.openblocks.fan":11,"stat.craftItem.refinedstorage.processor":49,"stat.pickup.minecraft.beetroot":31,"stat.mineBlock.quark.basalt":44,"stat.craftItem.bigreactors.reactorcontroller":1,"stat.pickup.enderio.item_travel_staff":4,"stat.craftItem.harvestcraft.freshmilkitem":40,"stat.pickup.refinedstorage.wireless_transmitter":1,"stat.craftItem.refinedstorage.interface":1,"stat.killEntity.WitherSkeleton":4,"stat.pickup.exnihilocreatio.block_axle_stone":2,"stat.craftItem.minecraft.sugar":26,"stat.pickup.harvestcraft.juteitem":1,"stat.craftItem.harvestcraft.apiary":4,"stat.pickup.harvestcraft.tealeafitem":3,"stat.pickup.minecraft.stone_slab":9,"stat.pickup.minecraft.yellow_flower":4,"stat.useItem.thermalfoundation.tool.axe_platinum":167,"stat.pickup.minecraft.golden_rail":1,"stat.pickup.minecraft.bone":246,"stat.pickup.minecraft.redstone_torch":2,"stat.mineBlock.extrautils2.spike_stone":4,"stat.useItem.minecraft.diamond_sword":26,"stat.pickup.avaritiarecipemaker.vanillarecipemakerblock":1,"stat.useItem.harvestcraft.minerstewitem":5,"stat.climbOneCm":47861,"stat.craftItem.minecraft.gold_block":11,"stat.pickup.lootbags.itemlootbag":85,"stat.mineBlock.toughasnails.temperature_coil":7,"stat.craftItem.toughasnails.wool_boots":1,"stat.useItem.minecraft.red_flower":4,"stat.pickup.minecraft.anvil":2,"stat.craftItem.minecraft.trapdoor":6,"stat.pickup.minecraft.cobblestone":284,"stat.pickup.projecte.item.pe_repair_talisman":2,"stat.drop.harvestcraft.minerstewitem":1,"stat.useItem.rftools.charged_porter":28,"stat.useItem.minecraft.cooked_beef":3,"stat.pickup.minecraft.redstone":26,"stat.craftItem.minecraft.book":23,"stat.useItem.cathedral.dwemer_light_normal":24,"stat.craftItem.rftools.powercell_card":4,"stat.drop.minecraft.dirt":1,"stat.pickup.minecraft.iron_shovel":3,"stat.pickup.minecraft.carpet":13,"stat.craftItem.refinedstorage.core":11,"stat.mineBlock.nethermetals.nether_zirconium_ore":8,"stat.craftItem.rftoolsdim.dimension_builder":1,"stat.craftItem.extrautils2.compressednetherrack":1111,"stat.pickup.minecraft.paper":2,"stat.craftItem.minecraft.stick":120,"stat.pickup.biomesoplenty.ash":34,"stat.craftItem.minecraft.gold_nugget":36,"stat.useItem.thermalfoundation.tool.pickaxe_platinum":446,"stat.mineBlock.refinedstorage.importer":16,"stat.mineBlock.minecraft.planks":10,"stat.drop":123,"stat.useItem.harvestcraft.toastitem":3,"stat.killEntity.Sheep":13,"stat.pickup.nethermetals.nether_coal_ore":58,"stat.pickup.blockcraftery.editable_block":38,"stat.drop.minecraft.bread":20,"stat.pickup.biomesoplenty.jar_empty":1,"stat.pickup.harvestcraft.garlicitem":1,"stat.craftItem.minecraft.piston":9,"stat.craftItem.refinedstorage.network_card":3,"stat.pickup.refinedstorage.importer":16,"stat.useItem.extrautils2.machine":3,"stat.craftItem.refinedstorage.storage_part":73,"stat.craftItem.harvestcraft.wovencottonitem":32,"stat.craftItem.projecte.condenser_mk1":1,"stat.mineBlock.minecraft.anvil":1,"stat.craftItem.thermalfoundation.tool.sword_platinum":1,"stat.useItem.minecraft.carpet":17,"stat.useItem.minecraft.potion":39,"stat.pickup.minecraft.fence":4,"stat.mineBlock.harvestcraft.shadedgarden":3,"stat.pickup.harvestcraft.wafflesitem":6,"stat.craftItem.toughasnails.wool_helmet":1,"stat.mineBlock.minecraft.furnace":2,"stat.useItem.blockcraftery.editable_slant":46,"stat.drop.openblocks.golden_egg":1,"stat.pickup.industrialforegoing.tinydryrubber":6,"stat.pickup.minecraft.oak_stairs":1,"stat.craftItem.harvestcraft.doughitem":65,"stat.damageDealt":84434,"stat.pickup.nethermetals.nether_zirconium_ore":44,"stat.pickup.minecraft.stick":83,"stat.craftItem.exnihilocreatio.item_material":2,"stat.pickup.biomesoplenty.sapling_0":1487,"stat.pickup.rftools.powercell_simple":15,"stat.craftItem.blockcraftery.editable_block":64,"stat.craftItem.harvestcraft.mortarandpestleitem":1,"stat.craftItem.minecraft.redstone":72,"stat.pickup.harvestcraft.zucchiniitem":3,"stat.pickup.modernmetals.zirconium_ore":3,"stat.killEntity.Chicken":3,"stat.mineBlock.minecraft.quartz_ore":43,"stat.mineBlock.refinedstorage.crafter_manager":1,"stat.useItem.minecraft.golden_apple":18,"stat.mineBlock.minecraft.leaves":1,"stat.pickup.enderio.block_simple_sag_mill":2,"stat.pickup.rftoolsdim.dimlet_workbench":3,"stat.leaveGame":50,"stat.craftItem.thermalfoundation.wrench":1,"stat.mineBlock.refinedstorage.network_transmitter":2,"stat.useItem.exnihilocreatio.block_waterwheel":6,"stat.drop.forge.bucketfilled":2,"stat.killEntity.PigZombie":10,"stat.mineBlock.harvestcraft.beehive":4,"stat.craftItem.minecraft.stone_pressure_plate":1,"stat.entityKilledBy.PigZombie":1,"stat.pickup.rftoolsdim.known_dimlet":16,"stat.pickup.quark.basalt":44,"stat.pickup.thermalfoundation.tool.excavator_platinum":7,"stat.useItem.rftools.shape_card":25,"stat.pickup.thermalfoundation.tool.pickaxe_platinum":7,"stat.pickup.rftools.rf_monitor":6,"stat.drop.harvestcraft.friedchickenitem":1,"stat.useItem.exnihilocreatio.block_sieve":8,"stat.pickup.minecraft.leather_boots":4,"stat.craftItem.chisel.antiblock":16,"stat.craftItem.lootbags.loot_storage":1,"stat.pickup.enderio.item_broken_spawner":9,"stat.mineBlock.rftools.dialing_device":1,"stat.pickup.harvestcraft.radishitem":1,"stat.craftItem.rftoolsdim.dimlet_template":3,"stat.killEntity.Witch":1,"stat.craftItem.harvestcraft.presser":1,"stat.pickup.rftoolsdim.dimension_enscriber":1,"stat.craftItem.projecte.item.pe_covalence_dust":120,"stat.craftItem.minecraft.iron_door":3,"stat.pickup.thermalexpansion.satchel":9,"stat.pickup.harvestcraft.rhubarbitem":1,"stat.mineBlock.deepmoblearning.simulation_chamber":1,"stat.craftItem.minecraft.bed":2,"stat.craftItem.harvestcraft.skilletitem":1,"stat.mineBlock.minecraft.hopper":4,"stat.pickup.thermalfoundation.material":12,"stat.pickup.biomesoplenty.hard_ice":5,"stat.useItem.minecraft.pumpkin_seeds":16,"stat.killEntity.ZombieVillager":5,"stat.craftItem.tanaddons.temp_regulator":1,"stat.craftItem.extrautils2.decorativesolidwood":2,"stat.pickup.minecraft.beef":3,"stat.pickup.minecraft.leather_helmet":2,"stat.pickup.biomesoplenty.flower_1":71,"stat.useItem.minecraft.trapdoor":1,"stat.mineBlock.minecraft.stained_hardened_clay":54,"stat.pickup.biomesoplenty.flower_0":5,"stat.pickup.bigreactors.ingotblutonium":23,"stat.craftItem.rftoolsdim.known_dimlet":5,"stat.pickup.rftools.machine_frame":1,"stat.craftItem.refinedstorage.cable":12,"stat.pickup.rftoolsdim.dimlet_energy_module":2,"stat.pickup.nethermetals.nether_redstone_ore":31,"stat.pickup.minecraft.potion":33,"stat.pickup.nethermetals.nether_aluminum_ore":28,"stat.pickup.bigreactors.ingotcyanite":3,"stat.mineBlock.minecraft.dark_oak_fence_gate":2,"stat.pickup.bigreactors.reactoraccessport":2,"stat.useItem.minecraft.lingering_potion":1,"stat.useItem.minecraft.dye":2,"stat.mineBlock.enderstorage.ender_storage":2,"stat.craftItem.toughasnails.wool_chestplate":1,"stat.mineBlock.extrautils2.trashchest":2,"stat.pickup.rftoolsdim.dimlet_type_controller":4,"stat.pickup.refinedstorage.cable":17,"stat.drop.minecraft.torch":1,"stat.pickup.extrautils2.screen":4,"stat.pickup.chisel.marble2":2,"stat.mineBlock.minecraft.tallgrass":70,"stat.useItem.minecraft.splash_potion":12,"stat.useItem.refinedstorage.cable":16,"stat.useItem.minecraft.stone":42,"stat.pickup.minecraft.arrow":171,"stat.killEntity.Ghast":4,"stat.pickup.extrautils2.chunkloader":1,"stat.pickup.chisel.basalt1":60,"stat.craftItem.rftools.dialing_device":1,"stat.mineBlock.minecraft.chest":31,"stat.pickup.refinedstorage.crafter_manager":1,"stat.craftItem.minecraft.hopper":1,"stat.killEntity.thermalfoundation.blizz":1,"stat.useItem.minecraft.emerald_ore":1,"stat.pickup.refinedstorage.network_receiver":6,"stat.pickup.extrautils2.spike_stone":9,"stat.useItem.minecraft.reeds":35,"stat.pickup.toughasnails.temperature_coil":7,"stat.pickup.exnihilocreatio.item_ore_gold":2,"stat.craftItem.minecraft.diamond_shovel":1,"stat.pickup.minecraft.wheat_seeds":370,"stat.mineBlock.minecraft.dirt":113,"stat.pickup.toughasnails.ice_cube":1,"stat.useItem.minecraft.bread":136,"stat.craftItem.extrautils2.spike_stone":4,"stat.useItem.thermalfoundation.tool.hammer_platinum":236,"stat.drop.minecraft.porkchop":2,"stat.useItem.minecraft.cobblestone":293,"stat.mineBlock.minecraft.double_plant":4,"stat.craftItem.refinedstorage.disk_drive":2,"stat.pickup.minecraft.hopper":6,"stat.craftItem.quark.custom_bookshelf":4,"stat.pickup.nethermetals.nether_manganese_ore":2,"stat.pickup.minecraft.banner":3,"stat.useItem.exnihilocreatio.block_axle_stone":5,"stat.pickup.extrautils2.filter":2,"stat.craftItem.refinedstorage.crafter_manager":1,"stat.mineBlock.minecraft.log":6,"stat.mineBlock.minecraft.heavy_weighted_pressure_plate":2,"stat.useItem.chisel.basalt2":1,"stat.useItem.chisel.basalt1":14,"stat.craftItem.harvestcraft.minerstewitem":3,"stat.craftItem.minecraft.paper":105,"stat.pickup.biomesoplenty.dirt":1384,"stat.pickup.minecraft.red_flower":13,"stat.craftItem.thermalexpansion.frame":2,"stat.pickup.minecraft.wool":30,"stat.pickup.exnihilocreatio.block_sieve":1,"stat.useItem.minecraft.wooden_axe":15,"stat.craftItem.extrautils2.itembuilderswand":1,"stat.craftItem.harvestcraft.wafflesitem":10,"stat.drop.biomesoplenty.jar_empty":2,"stat.mineBlock.minecraft.yellow_flower":1,"stat.craftItem.projecte.item.pe_repair_talisman":1,"stat.craftItem.thermalexpansion.augment":3,"stat.pickup.minecraft.enchanted_book":3,"stat.pickup.minecraft.glowstone":2,"stat.pickup.openblocks.fan":6,"stat.useItem.openblocks.elevator":1,"stat.useItem.minecraft.obsidian":14,"stat.mineBlock.ironchest.iron_chest":3,"stat.pickup.refinedstorage.grid":3,"stat.pickup.minecraft.bow":14,"stat.craftItem.thermalfoundation.tool.hammer_platinum":1,"stat.useItem.minecraft.egg":4,"stat.craftItem.minecraft.cooked_beef":24,"stat.flyOneCm":3725084,"stat.mineBlock.chisel.antiblock":3,"stat.timeSinceDeath":597445,"stat.pickup.basemetals.coldiron_ore":7,"stat.killEntity.Bat":1,"stat.useItem.minecraft.potato":6,"stat.pickup.biomesoplenty.double_plant":1,"stat.pickup.minecraft.chainmail_helmet":1,"stat.craftItem.bigreactors.reactorpowertaprf":1,"stat.mineBlock.minecraft.enchanting_table":1,"stat.pickup.minecraft.shield":1,"stat.pickup.exnihilocreatio.item_seed_oak":7,"stat.talkedToVillager":6,"stat.craftItem.refinedstorage.network_receiver":2,"stat.pickup.minecraft.string":41,"stat.craftItem.rftools.matter_transmitter":1,"stat.pickup.enderio.block_cap_bank":1,"stat.useItem.minecraft.diamond_shovel":3,"stat.drop.toughasnails.jelled_slime_chestplate":2,"stat.mineBlock.extrautils2.machine":3,"stat.craftItem.harvestcraft.batteritem":18,"stat.pickup.chisel.antiblock":35,"stat.pickup.nethermetals.nether_osmium_ore":34,"stat.craftItem.refinedstorage.storage_housing":12,"stat.pickup.nethermetals.nether_magnesium_ore":16,"stat.pickup.refinedstorage.upgrade":18,"stat.useItem.harvestcraft.apiary":3,"stat.useItem.blockcraftery.editable_block":515,"stat.useItem.minecraft.wooden_sword":1,"stat.useItem.minecraft.ladder":35,"stat.pickup.projecte.item.pe_black_hole":1,"stat.craftItem.deepmoblearning.machine_casing":1,"stat.pickup.minecraft.snowball":14,"stat.diveOneCm":238387,"stat.pickup.extrautils2.machine":3,"stat.craftItem.minecraft.ladder":6,"stat.pickup.toughasnails.jelled_slime_chestplate":5,"stat.pickup.exnihilocreatio.block_crucible":1,"stat.craftItem.thermalexpansion.machine":2,"stat.pickup.deepmoblearning.data_model_blaze":1,"stat.useItem.minecraft.rotten_flesh":1,"stat.jump":7921,"stat.mineBlock.refinedstorage.interface":1,"stat.craftItem.minecraft.torch":8,"stat.craftItem.chisel.basalt2":3,"stat.pickup.minecraft.stone_shovel":1,"stat.craftItem.refinedstorage.importer":3,"stat.mineBlock.minecraft.glass_pane":3,"stat.damageTaken":11132,"stat.pickup.harvestcraft.gigapickleitem":19,"stat.pickup.minecraft.bed":2,"stat.pickup.minecraft.quartz_block":15,"stat.pickup.minecraft.potato":51,"stat.entityKilledBy.Zombie":1,"stat.craftItem.quark.basalt":3,"stat.useItem.harvestcraft.gigapickleseeditem":5,"stat.useItem.minecraft.chest":16,"stat.mineBlock.ironchest.iron_shulker_box_magenta":1,"stat.craftItem.basemetals.steel_ingot":1,"stat.useItem.chisel.antiblock":6,"stat.pickup.minecraft.ender_pearl":3,"stat.pickup.minecraft.ladder":11,"stat.useItem.minecraft.netherrack":16,"stat.useItem.projecte.dm_pedestal":1,"stat.craftItem.minecraft.bookshelf":1,"stat.mineBlock.minecraft.stonebrick":3,"stat.mineBlock.refinedstorage.grid":3,"stat.pickup.harvestcraft.queenbeeitem":4,"stat.mineBlock.minecraft.glowstone":1,"stat.craftItem.refinedstorage.wireless_crafting_monitor":1,"stat.pickup.deepmoblearning.deep_learner":1,"stat.pickup.minecraft.torch":450,"stat.craftItem.thermalfoundation.upgrade":4,"stat.craftItem.harvestcraft.heavycreamitem":7,"stat.drop.minecraft.arrow":1,"stat.mineBlock.nethermetals.nether_iron_ore":4,"stat.mineBlock.exnihilocreatio.block_sieve":1,"stat.pickup.thermalfoundation.armor.boots_platinum":4,"stat.pickup.minecraft.dark_oak_fence_gate":2,"stat.pickup.refinedstorage.network_card":1,"stat.mineBlock.enderio.block_simple_sag_mill":2,"stat.pickup.biomesoplenty.jar_filled":1,"stat.useItem.chickenchunks.chunk_loader":1,"stat.useItem.minecraft.planks":48,"stat.pickup.enderstorage.ender_storage":2,"stat.pickup.minecraft.porkchop":27,"stat.craftItem.bigreactors.reactorcontrolrod":4,"stat.pickup.minecraft.glass":26,"stat.mineBlock.bigreactors.reactoraccessport":2,"stat.useItem.minecraft.water_bucket":9,"stat.pickup.openblocks.elevator":1,"stat.mineBlock.extrautils2.screen":4,"stat.pickup.minecraft.sand":14,"stat.craftItem.minecraft.golden_apple":1,"stat.entityKilledBy.Spider":1,"stat.craftItem.harvestcraft.juiceritem":1,"stat.pickup.minecraft.name_tag":1,"stat.drop.harvestcraft.meatfeastpizzaitem":1,"stat.mineBlock.biomesoplenty.ash_block":7,"stat.pickup.refinedstorage.crafter":1,"stat.useItem.minecraft.spawn_egg":72,"stat.drop.projecte.item.pe_time_watch":1,"stat.mineBlock.biomesoplenty.dirt":87,"stat.craftItem.bigreactors.reactorcasing":76,"stat.useItem.minecraft.oak_stairs":21,"stat.pickup.rftools.builder":1,"stat.craftItem.refinedstorage.machine_casing":22,"stat.useItem.refinedstorage.wireless_crafting_monitor":4,"stat.pickup.harvestcraft.turnipitem":1,"stat.useItem.extrautils2.trowel":1,"stat.pickup.minecraft.furnace":3,"stat.pickup.minecraft.iron_chestplate":2,"stat.pickup.minecraft.skull":13,"stat.mineBlock.rftools.crafter2":6,"stat.mineBlock.rftools.crafter1":3,"stat.pickup.deepmoblearning.soot_covered_redstone":36,"stat.craftItem.ironchest.iron_chest":2,"stat.useItem.minecraft.hopper":7,"stat.craftItem.minecraft.heavy_weighted_pressure_plate":4,"stat.mineBlock.chickenchunks.chunk_loader":2,"stat.craftItem.enderio.block_simple_alloy_smelter":1,"stat.mineBlock.minecraft.oak_stairs":1,"stat.craftItem.harvestcraft.groundtrap":1,"stat.playOneMinute":2988568,"stat.mineBlock.refinedstorage.destructor":1,"stat.pickup.minecraft.iron_bars":6,"stat.pickup.minecraft.dispenser":1,"stat.pickup.harvestcraft.tomatoitem":3,"stat.mineBlock.minecraft.netherrack":1462,"stat.mineBlock.refinedstorage.controller":1,"stat.craftItem.harvestcraft.mixingbowlitem":1,"stat.craftItem.harvestcraft.waterfilter":1,"stat.pickup.blockcraftery.editable_block_reinforced":1,"stat.fallOneCm":128137,"stat.useItem.biomesoplenty.jar_empty":1,"stat.useItem.bigreactors.reactorcasing":48,"stat.craftItem.refinedstorage.crafting_monitor":2,"stat.craftItem.minecraft.chest":17,"stat.mineBlock.minecraft.lever":6,"stat.pickup.minecraft.red_mushroom":3,"stat.useItem.minecraft.iron_hoe":105,"stat.pickup.openblocks.golden_egg":1,"stat.pickup.minecraft.comparator":34,"stat.pickup.minecraft.feather":19,"stat.pickup.nethermetals.nether_rutile_ore":27,"stat.useItem.refinedstorage.wireless_grid":1,"stat.pickup.minecraft.redstone_ore":4,"stat.mineBlock.rftools.modular_storage":15,"stat.pickup.minecraft.chainmail_boots":1,"stat.pickup.chisel.chisel_hitech":1,"stat.drop.minecraft.stick":2,"stat.mineBlock.minecraft.quartz_stairs":2,"stat.useItem.extrautils2.spike_stone":47,"stat.craftItem.rftoolsdim.dimension_enscriber":1,"stat.useItem.extrautils2.grocket":3,"stat.craftItem.rftools.builder":1,"stat.killEntity.LavaSlime":19,"stat.pickup.minecraft.log":42,"stat.pickup.biomesoplenty.planks_0":2,"stat.mineBlock.cathedral.basalt_block_carved":4,"stat.drop.rftools.charged_porter":1,"stat.craftItem.minecraft.redstone_ore":26,"stat.craftItem.refinedstorage.destructor":1,"stat.craftItem.refinedstorage.crafter":3,"stat.pickup.refinedstorage.interface":1,"stat.mineBlock.blockcraftery.editable_block_reinforced":1,"stat.mineBlock.nethermetals.nether_copper_ore":3,"stat.craftItem.thermaldynamics.duct_0":54,"stat.useItem.minecraft.beetroot_seeds":1,"stat.sneakTime":48906,"stat.mineBlock.nethermetals.nether_lapis_ore":5,"stat.drop.toughasnails.jelled_slime_leggings":1,"stat.entityKilledBy.Blaze":1,"stat.craftItem.refinedstorage.exporter":1,"stat.pickup.minecraft.chest":36,"stat.mineBlock.bigreactors.reactorcasing":6,"stat.useItem.thermalfoundation.tool.sword_platinum":1972,"stat.pickup.basemetals.nickel_ingot":6,"stat.pickup.toughasnails.jelled_slime_boots":4,"stat.swimOneCm":43971,"stat.pickup.quark.glass_shards":229,"stat.craftItem.toughasnails.wool_leggings":1,"stat.useItem.minecraft.dirt":187,"stat.pickup.minecraft.enchanting_table":1,"stat.pickup.refinedstorage.controller":2,"stat.pickup.minecraft.quartz_stairs":2,"stat.mineBlock.chisel.limestone2":15,"stat.useItem.chisel.cobblestone":102,"stat.pickup.minecraft.glass_bottle":19,"stat.useItem.minecraft.red_mushroom":2,"stat.drop.minecraft.wheat_seeds":21,"stat.craftItem.toughasnails.charcoal_filter":192,"stat.drop.toughasnails.jelled_slime_boots":1,"stat.pickup.thermalfoundation.tool.sword_platinum":7,"stat.pickup.harvestcraft.leekitem":2,"stat.drop.harvestcraft.mcpamitem":1,"stat.mineBlock.blockcraftery.editable_block":38,"stat.pickup.bigreactors.ingotgraphite":64,"stat.pickup.minecraft.mutton":35,"stat.pickup.rftools.matter_transmitter":1,"stat.useItem.minecraft.lever":10,"stat.mineBlock.biomesoplenty.hard_ice":5,"stat.pickup.minecraft.stonebrick":12,"stat.mineBlock.refinedstorage.network_receiver":5,"stat.pickup.thermalfoundation.armor.legs_platinum":5,"stat.mineBlock.rftools.powercell_simple":15,"stat.drop.thermalexpansion.satchel":3,"stat.craftItem.minecraft.brick_block":8,"stat.craftItem.minecraft.stone_slab2":0,"stat.pickup.nethermetals.nether_titanium_ore":20,"stat.pickup.nethermetals.nether_nickel_ore":42,"stat.mineBlock.biomesoplenty.log_0":15,"stat.drop.minecraft.potion":3,"stat.pickup.exnihilocreatio.item_material":3,"stat.useItem.minecraft.diamond_pickaxe":1,"stat.craftItem.deepmoblearning.simulation_chamber":1,"stat.mineBlock.minecraft.quartz_block":9,"stat.craftItem.rftoolsdim.empty_dimension_tab":3,"stat.useItem.minecraft.carrot":1,"stat.mineBlock.enderio.block_simple_alloy_smelter":1,"stat.drop.minecraft.golden_apple":3,"stat.useItem.extrautils2.itembuilderswand":92,"stat.useItem.bottledmilk.milk_bottle_drinkable":5,"stat.craftItem.harvestcraft.potitem":1,"stat.useItem.harvestcraft.gourmetvenisonburgeritem":1,"stat.craftItem.minecraft.diamond_pickaxe":1,"stat.pickup.projecte.dm_pedestal":2,"stat.craftItem.rftools.powercell_advanced":1,"stat.pickup.projecte.alchemical_chest":1,"stat.useItem.thermalfoundation.wrench":9,"stat.pickup.minecraft.gravel":8,"stat.useItem.minecraft.glass_bottle":124,"stat.craftItem.deepmoblearning.data_model_skeleton":1,"stat.useItem.minecraft.diamond_axe":12,"stat.mineBlock.rftools.builder":1,"stat.pickup.rftools.dialing_device":2,"stat.useItem.thermalfoundation.tool.excavator_platinum":55,"stat.mineBlock.refinedstorage.disk_drive":1,"stat.pickup.minecraft.iron_helmet":1,"stat.craftItem.rftools.charged_porter":3,"stat.craftItem.minecraft.bread":79,"stat.pickup.minecraft.spider_eye":9,"stat.mineBlock.nethermetals.nether_emerald_ore":1,"stat.pickup.refinedstorage.destructor":1,"stat.mineBlock.minecraft.iron_bars":7,"stat.pickup.minecraft.leather":4,"stat.mineBlock.nethermetals.nether_coal_ore":9,"stat.pickup.minecraft.reeds":272,"stat.craftItem.deepmoblearning.polymer_clay":32,"stat.pickup.baubles.ring":6,"stat.pickup.projecte.item.pe_time_watch":4,"stat.killEntity.Pig":8,"stat.walkOneCm":4450819,"stat.pickup.minecraft.clay_ball":28,"stat.mineBlock.thermaldynamics.duct_0":7,"stat.mineBlock.chisel.basalt1":14,"stat.pickup.refinedstorage.disk_drive":1,"stat.pickup.minecraft.stone":396,"stat.pickup.biomesoplenty.fleshchunk":6,"stat.mineBlock.minecraft.wool":4,"stat.craftItem.rftoolsdim.dimlet_workbench":1,"stat.pickup.minecraft.gold_ingot":32,"stat.killEntity.Skeleton":136,"stat.pickup.biomesoplenty.log_0":3991,"stat.pickup.biomesoplenty.log_2":10,"stat.useItem.biomesoplenty.sapling_0":82,"stat.killEntity.Spider":16,"stat.drop.projecte.item.pe_black_hole":1,"stat.pickup.minecraft.bread":58,"stat.pickup.minecraft.quartz":43,"stat.useItem.chisel.cobblestone1":52,"stat.useItem.chisel.cobblestone2":132,"stat.craftItem.minecraft.coal_block":1,"stat.useItem.biomesoplenty.grass":177,"stat.mineBlock.minecraft.stone":235,"stat.mineBlock.refinedstorage.crafter":1}