{"stat.useItem.minecraft.bow":79,"stat.pickup.minecraft.bone":31,"stat.leaveGame":1,"stat.pickup.toughasnails.purified_water_bottle":50,"stat.useItem.thermalfoundation.tool.sword_platinum":444,"stat.killEntity.Blaze":8,"stat.pickup.toughasnails.jelled_slime_boots":2,"stat.mineBlock.minecraft.stained_glass_pane":4,"stat.mineBlock.minecraft.stained_glass":48,"stat.useItem.harvestcraft.minerstewitem":1,"stat.swimOneCm":26153,"stat.pickup.harvestcraft.applejuiceitem":254,"stat.pickup.quark.glass_shards":82,"stat.climbOneCm":18324,"stat.pickup.minecraft.enchanted_book":2,"stat.mineBlock.minecraft.web":1,"stat.craftItem.thermalfoundation.tool.excavator_platinum":1,"stat.pickup.minecraft.porkchop":14,"stat.pickup.toughasnails.jelled_slime_leggings":2,"stat.pickup.lootbags.itemlootbag":2,"stat.useItem.minecraft.dirt":4,"stat.useItem.minecraft.stone_slab2":5,"stat.pickup.minecraft.bow":5,"stat.pickup.forge.bucketfilled":2,"stat.pickup.minecraft.iron_boots":1,"stat.craftItem.thermalfoundation.tool.hammer_platinum":2,"stat.pickup.minecraft.rotten_flesh":87,"stat.pickup.thermalfoundation.tool.excavator_platinum":5,"stat.useItem.minecraft.egg":6,"stat.pickup.thermalfoundation.tool.shovel_platinum":6,"stat.pickup.thermalfoundation.tool.pickaxe_platinum":9,"stat.pickup.rftools.rf_monitor":3,"stat.craftItem.minecraft.cooked_beef":6,"stat.killEntity.Enderman":2,"stat.pickup.minecraft.cobblestone":7,"stat.craftItem.minecraft.bow":1,"stat.pickup.minecraft.leather_boots":1,"stat.useItem.rftools.charged_porter":2,"stat.pickup.minecraft.diamond_leggings":5,"stat.pickup.enderio.item_broken_spawner":2,"stat.flyOneCm":87314,"stat.pickup.harvestcraft.radishitem":2,"stat.pickup.minecraft.glass_bottle":8,"stat.pickup.harvestcraft.mortarandpestleitem":3,"stat.mineBlock.biomesoplenty.ash_block":6,"stat.killEntity.Witch":2,"stat.useItem.minecraft.cooked_beef":6,"stat.pickup.harvestcraft.scallionitem":6,"stat.pickup.thermalfoundation.tool.sword_platinum":5,"stat.pickup.quark.tallow":8,"stat.timeSinceDeath":24651,"stat.pickup.minecraft.stained_hardened_clay":16,"stat.pickup.thermalexpansion.satchel":8,"stat.killEntity.Bat":2,"stat.pickup.harvestcraft.whitemushroomitem":2,"stat.pickup.harvestcraft.beanitem":1,"stat.pickup.thermalfoundation.material":4,"stat.pickup.minecraft.stonebrick":1,"stat.furnaceInteraction":32,"stat.useItem.minecraft.cooked_porkchop":6,"stat.killEntity.ZombieVillager":1,"stat.killEntity.Creeper":3,"stat.pickup.minecraft.shield":2,"stat.mineBlock.rftools.powercell_simple":3,"stat.pickup.minecraft.string":9,"stat.pickup.harvestcraft.mcpamitem":1,"stat.craftItem.thermalfoundation.tool.axe_platinum":1,"stat.mineBlock.minecraft.ladder":7,"stat.pickup.minecraft.beef":6,"stat.craftItem.minecraft.stone_slab2":0,"stat.mineBlock.minecraft.stained_hardened_clay":28,"stat.sprintOneCm":119806,"stat.pickup.biomesoplenty.flower_0":6,"stat.mineBlock.biomesoplenty.flower_0":1,"stat.pickup.minecraft.skull":4,"stat.craftItem.minecraft.stick":80,"stat.mineBlock.biomesoplenty.grass":2,"stat.pickup.biomesoplenty.ash":18,"stat.useItem.harvestcraft.applejuiceitem":14,"stat.mineBlock.rftools.crafter2":4,"stat.mineBlock.rftools.crafter1":6,"stat.pickup.minecraft.potion":16,"stat.craftItem.toughasnails.purified_water_bottle":13,"stat.mineBlock.minecraft.quartz_block":12,"stat.useItem.minecraft.carrot":8,"stat.useItem.thermalfoundation.tool.pickaxe_platinum":77,"stat.pickup.minecraft.diamond_chestplate":4,"stat.pickup.minecraft.leather_leggings":1,"stat.deaths":7,"stat.pickup.minecraft.egg":8,"stat.playOneMinute":189626,"stat.pickup.minecraft.blaze_rod":4,"stat.pickup.thermalfoundation.tool.axe_platinum":4,"stat.useItem.minecraft.ladder":5,"stat.pickup.projecte.item.pe_black_hole":1,"stat.killEntity.Zombie":44,"stat.pickup.minecraft.iron_bars":6,"stat.mineBlock.minecraft.tallgrass":4,"stat.pickup.minecraft.netherrack":3,"stat.pickup.biomesoplenty.jar_empty":1,"stat.diveOneCm":20399,"stat.pickup.minecraft.wheat":4,"stat.pickup.harvestcraft.garlicitem":2,"stat.chestOpened":97,"stat.useItem.minecraft.cooked_rabbit":6,"stat.pickup.toughasnails.jelled_slime_chestplate":2,"stat.pickup.minecraft.arrow":152,"stat.craftItem.minecraft.cooked_porkchop":6,"stat.useItem.minecraft.glass_bottle":26,"stat.mineBlock.minecraft.ice":1,"stat.pickup.toughasnails.charcoal_filter":15,"stat.craftItem.thermalfoundation.tool.sword_platinum":1,"stat.killEntity.Ghast":1,"stat.useItem.minecraft.potion":26,"stat.craftItem.thermalfoundation.tool.pickaxe_platinum":2,"stat.jump":951,"stat.mineBlock.rftools.rf_monitor":3,"stat.fallOneCm":47102,"stat.useItem.biomesoplenty.jar_empty":1,"stat.pickup.minecraft.carrot":4,"stat.craftItem.minecraft.bread":28,"stat.pickup.minecraft.gunpowder":6,"stat.crouchOneCm":9897,"stat.mineBlock.harvestcraft.shadedgarden":6,"stat.pickup.minecraft.spider_eye":6,"stat.pickup.harvestcraft.friedchickenitem":1,"stat.craftItem.minecraft.torch":64,"stat.pickup.minecraft.dirt":12,"stat.useItem.minecraft.cooked_chicken":6,"stat.craftingTableInteraction":9,"stat.pickup.openblocks.golden_egg":6,"stat.mineBlock.minecraft.iron_bars":4,"stat.killEntity.quark:wraith":1,"stat.craftItem.thermalfoundation.tool.shovel_platinum":1,"stat.pickup.harvestcraft.minerstewitem":1,"stat.pickup.minecraft.iron_axe":1,"stat.mineBlock.minecraft.glass_pane":3,"stat.mineBlock.minecraft.leaves2":1,"stat.pickup.minecraft.feather":19,"stat.damageTaken":5226,"stat.pickup.minecraft.leather":20,"stat.useItem.thermalfoundation.tool.shovel_platinum":11,"stat.mineBlock.minecraft.torch":2,"stat.craftItem.minecraft.nether_brick":30,"stat.pickup.minecraft.log2":8,"stat.mineBlock.biomesoplenty.plant_0":4,"stat.pickup.exnihilocreatio.item_ore_gold":1,"stat.pickup.minecraft.dye":9,"stat.pickup.minecraft.iron_leggings":4,"stat.pickup.harvestcraft.meatfeastpizzaitem":1,"stat.craftItem.minecraft.netherbrick":120,"stat.pickup.minecraft.quartz_block":6,"stat.pickup.minecraft.wheat_seeds":14,"stat.pickup.minecraft.rabbit_hide":4,"stat.entityKilledBy.Zombie":2,"stat.pickup.rftools.charged_porter":5,"stat.craftItem.harvestcraft.doughitem":38,"stat.damageDealt":21516,"stat.pickup.toughasnails.jelled_slime_helmet":2,"stat.killEntity.Cow":3,"stat.mineBlock.minecraft.dirt":5,"stat.killEntity.Pig":5,"stat.walkOneCm":1224760,"stat.useItem.minecraft.torch":137,"stat.useItem.minecraft.bread":21,"stat.mineBlock.biomesoplenty.leaves_3":2,"stat.pickup.minecraft.golden_apple":3,"stat.mineBlock.biomesoplenty.leaves_1":2,"stat.pickup.minecraft.stick":2,"stat.useItem.thermalfoundation.tool.hammer_platinum":3,"stat.craftItem.harvestcraft.flouritem":35,"stat.pickup.thermalfoundation.tool.hammer_platinum":11,"stat.pickup.rftools.powercell_simple":3,"stat.pickup.rftools.crafter2":4,"stat.pickup.minecraft.log":10,"stat.pickup.rftools.crafter1":6,"stat.pickup.harvestcraft.spiceleafitem":1,"stat.pickup.minecraft.chicken":19,"stat.useItem.minecraft.stained_hardened_clay":1,"stat.pickup.minecraft.sapling":17,"stat.pickup.minecraft.ladder":7,"stat.pickup.minecraft.cooked_beef":9,"stat.pickup.quark.soul_bead":4,"stat.mineBlock.thermalfoundation.ore_fluid":1,"stat.killEntity.Skeleton":27,"stat.pickup.minecraft.beetroot":15,"stat.pickup.enderio.item_travel_staff":5,"stat.mineBlock.minecraft.stonebrick":1,"stat.pickup.biomesoplenty.log_2":12,"stat.killEntity.Chicken":11,"stat.pickup.minecraft.netherbrick":128,"stat.pickup.minecraft.diamond_helmet":4,"stat.killEntity.Spider":7,"stat.pickup.minecraft.bread":139,"stat.pickup.harvestcraft.southernstylebreakfastitem":1,"stat.mobKills":131,"stat.pickup.minecraft.diamond_boots":4,"stat.craftItem.minecraft.cooked_chicken":6,"stat.useItem.minecraft.golden_apple":3,"stat.mineBlock.minecraft.leaves":3,"stat.pickup.minecraft.beetroot_seeds":15,"stat.pickup.minecraft.torch":77,"stat.sneakTime":5159,"stat.useItem.minecraft.baked_potato":6,"stat.useItem.thermalfoundation.tool.axe_platinum":20}