{"stat.chestOpened":83,"stat.useItem.minecraft.bow":57,"stat.useItem.minecraft.cooked_rabbit":6,"stat.pickup.minecraft.bone":31,"stat.pickup.minecraft.arrow":68,"stat.useItem.minecraft.glass_bottle":26,"stat.craftItem.minecraft.cooked_porkchop":6,"stat.pickup.toughasnails.charcoal_filter":15,"stat.craftItem.thermalfoundation.tool.sword_platinum":1,"stat.useItem.thermalfoundation.tool.sword_platinum":424,"stat.killEntity.Blaze":8,"stat.useItem.minecraft.potion":23,"stat.mineBlock.minecraft.stained_glass_pane":4,"stat.mineBlock.minecraft.stained_glass":48,"stat.craftItem.thermalfoundation.tool.pickaxe_platinum":2,"stat.jump":507,"stat.swimOneCm":21808,"stat.pickup.quark.glass_shards":82,"stat.mineBlock.rftools.rf_monitor":3,"stat.fallOneCm":13373,"stat.climbOneCm":18193,"stat.mineBlock.minecraft.web":1,"stat.craftItem.thermalfoundation.tool.excavator_platinum":1,"stat.pickup.minecraft.carrot":3,"stat.pickup.minecraft.porkchop":14,"stat.crouchOneCm":3479,"stat.pickup.lootbags.itemlootbag":2,"stat.pickup.minecraft.spider_eye":1,"stat.craftItem.minecraft.torch":64,"stat.pickup.minecraft.dirt":12,"stat.useItem.minecraft.dirt":4,"stat.useItem.minecraft.stone_slab2":4,"stat.pickup.minecraft.bow":2,"stat.craftItem.thermalfoundation.tool.hammer_platinum":2,"stat.useItem.minecraft.cooked_chicken":6,"stat.craftingTableInteraction":7,"stat.pickup.minecraft.rotten_flesh":50,"stat.pickup.openblocks.golden_egg":2,"stat.mineBlock.minecraft.iron_bars":2,"stat.craftItem.thermalfoundation.tool.shovel_platinum":1,"stat.useItem.minecraft.egg":5,"stat.mineBlock.minecraft.glass_pane":3,"stat.mineBlock.minecraft.leaves2":1,"stat.pickup.minecraft.feather":13,"stat.damageTaken":2180,"stat.pickup.minecraft.leather":4,"stat.pickup.thermalfoundation.tool.shovel_platinum":1,"stat.pickup.thermalfoundation.tool.pickaxe_platinum":1,"stat.useItem.thermalfoundation.tool.shovel_platinum":5,"stat.pickup.rftools.rf_monitor":3,"stat.mineBlock.minecraft.torch":2,"stat.killEntity.Enderman":2,"stat.craftItem.minecraft.bow":1,"stat.mineBlock.biomesoplenty.plant_0":3,"stat.pickup.minecraft.log2":8,"stat.pickup.minecraft.leather_boots":1,"stat.pickup.exnihilocreatio.item_ore_gold":1,"stat.pickup.minecraft.dye":3,"stat.useItem.rftools.charged_porter":2,"stat.pickup.enderio.item_broken_spawner":2,"stat.pickup.minecraft.diamond_leggings":1,"stat.flyOneCm":34048,"stat.pickup.minecraft.glass_bottle":3,"stat.craftItem.minecraft.netherbrick":72,"stat.pickup.minecraft.quartz_block":6,"stat.pickup.minecraft.wheat_seeds":1,"stat.killEntity.Witch":2,"stat.pickup.rftools.charged_porter":2,"stat.pickup.thermalfoundation.tool.sword_platinum":1,"stat.pickup.quark.tallow":8,"stat.damageDealt":20677,"stat.timeSinceDeath":1073,"stat.killEntity.Cow":3,"stat.mineBlock.minecraft.dirt":5,"stat.pickup.minecraft.stained_hardened_clay":16,"stat.killEntity.Pig":5,"stat.pickup.thermalexpansion.satchel":1,"stat.killEntity.Bat":2,"stat.walkOneCm":845864,"stat.useItem.minecraft.torch":137,"stat.useItem.minecraft.bread":14,"stat.pickup.minecraft.golden_apple":1,"stat.useItem.thermalfoundation.tool.hammer_platinum":3,"stat.pickup.thermalfoundation.material":3,"stat.pickup.minecraft.stonebrick":1,"stat.furnaceInteraction":22,"stat.useItem.minecraft.cooked_porkchop":6,"stat.killEntity.ZombieVillager":1,"stat.pickup.thermalfoundation.tool.hammer_platinum":3,"stat.killEntity.Creeper":2,"stat.pickup.rftools.powercell_simple":3,"stat.mineBlock.rftools.powercell_simple":3,"stat.pickup.minecraft.string":9,"stat.pickup.minecraft.log":10,"stat.pickup.rftools.crafter2":4,"stat.craftItem.thermalfoundation.tool.axe_platinum":1,"stat.pickup.rftools.crafter1":6,"stat.mineBlock.minecraft.ladder":7,"stat.pickup.minecraft.beef":6,"stat.craftItem.minecraft.stone_slab2":0,"stat.pickup.minecraft.chicken":11,"stat.useItem.minecraft.stained_hardened_clay":1,"stat.pickup.minecraft.sapling":17,"stat.mineBlock.minecraft.stained_hardened_clay":28,"stat.sprintOneCm":80388,"stat.pickup.minecraft.ladder":7,"stat.pickup.minecraft.skull":3,"stat.craftItem.minecraft.stick":80,"stat.killEntity.Skeleton":26,"stat.pickup.enderio.item_travel_staff":1,"stat.mineBlock.minecraft.stonebrick":1,"stat.mineBlock.rftools.crafter2":4,"stat.mineBlock.rftools.crafter1":6,"stat.pickup.minecraft.potion":13,"stat.craftItem.toughasnails.purified_water_bottle":13,"stat.killEntity.Chicken":11,"stat.pickup.minecraft.netherbrick":8,"stat.killEntity.Spider":7,"stat.mineBlock.minecraft.quartz_block":12,"stat.pickup.minecraft.bread":14,"stat.useItem.minecraft.carrot":7,"stat.useItem.thermalfoundation.tool.pickaxe_platinum":71,"stat.mobKills":125,"stat.craftItem.minecraft.cooked_chicken":6,"stat.useItem.minecraft.golden_apple":2,"stat.deaths":1,"stat.pickup.minecraft.egg":6,"stat.mineBlock.minecraft.leaves":3,"stat.playOneMinute":112305,"stat.pickup.minecraft.blaze_rod":4,"stat.pickup.minecraft.torch":74,"stat.useItem.minecraft.ladder":5,"stat.sneakTime":1772,"stat.killEntity.Zombie":42,"stat.useItem.minecraft.baked_potato":6,"stat.useItem.thermalfoundation.tool.axe_platinum":13,"stat.mineBlock.minecraft.tallgrass":3,"stat.diveOneCm":14679}